customer_id,credit_score,age,tenure,balance,num_products,has_credit_card,is_active_member,estimated_salary,geography,gender,exited
1,699.6714153011233,72.0,1.0,34966.70911016173,2.0,1.0,1.0,83397.7252435842,Spain,Female,0
2,636.1735698828816,61.0,4.0,29832.77059530509,3.0,1.0,1.0,109621.39572734784,Germany,Female,1
3,714.7688538100692,66.0,4.0,44078.13802699802,2.0,1.0,1.0,58691.07529251688,Spain,Female,0
4,802.3029856408025,57.0,7.0,49012.65265759135,1.0,1.0,0.0,177902.63342952848,France,Male,0
5,626.5846625276664,28.0,7.0,3724.0993627832486,2.0,1.0,1.0,71406.55538970683,France,Male,0
6,626.586304305082,20.0,6.0,57382.336476218996,2.0,0.0,1.0,,France,Female,0
7,0.0,23.0,6.0,13849.088294575524,1.0,1.0,1.0,125020.99435790308,France,Female,0
8,726.7434729152909,26.0,10.0,62579.89306347668,1.0,1.0,1.0,73392.18450391474,Germany,Female,0
9,603.0525614065048,23.0,5.0,86449.03569908596,4.0,1.0,0.0,16904.212848801224,Spain,Male,1
10,704.2560043585964,26.0,5.0,81471.44729977396,1.0,0.0,1.0,1405414.0726310292,France,Female,0
11,,56.0,,40204.04515374513,2.0,1.0,0.0,146324.82501671682,France,Male,1
12,603.4270246429743,48.0,8.0,36716.15900233151,2.0,1.0,1.0,84839.71929466876,France,Female,0
13,674.1962271566034,49.0,5.0,7708.631748212545,2.0,1.0,0.0,,France,Male,0
14,458.6719755342202,,1.0,74659.72538187141,2.0,1.0,1.0,141655.24942762248,France,Male,1
15,477.5082167486967,67.0,1.0,15832.163455430325,1.0,1.0,0.0,85115.12967896264,France,Female,1
16,593.7712470759027,29.0,,34327.98854498613,2.0,0.0,1.0,77042.76338574023,France,Male,0
17,548.7168879665576,25.0,3.0,16722.899833187104,2.0,1.0,1.0,106725.52403484893,France,Male,0
18,681.4247332595273,25.0,10.0,7183.609745364809,2.0,0.0,1.0,134683.75943284543,France,Male,0
19,559.197592447879,67.0,1.0,49652.87867379612,1.0,0.0,0.0,207177.10892796458,France,Male,1
20,508.76962986647084,45.0,2.0,2793.1879862958185,2.0,1.0,0.0,137225.62484458403,Germany,Female,1
21,796.5648768921554,37.0,6.0,69044.49639590402,1.0,1.0,0.0,152192.7984874755,France,Female,0
22,627.4223699513465,64.0,7.0,19105.996627694825,1.0,1.0,1.0,77231.52104554651,Spain,Female,0
23,656.7528204687924,24.0,5.0,6.735103820133686,1.0,1.0,0.0,,France,Female,0
24,507.52518137865434,28.0,10.0,35782.84564022226,1.0,1.0,1.0,102804.91073286053,France,Female,0
25,595.5617275474817,,,2399.249618062609,3.0,1.0,1.0,104822.64618668183,France,Male,0
26,661.0922589709866,,0.0,16159.905495488985,1.0,0.0,1.0,51466.926638593126,France,Male,0
27,0.0,21.0,7.0,61375.12127966616,3.0,1.0,1.0,92111.74615431942,Spain,Male,1
28,687.5698018345672,23.0,2.0,,4.0,1.0,1.0,117969.2920773609,France,Male,0
29,,39.0,5.0,91422.77821073931,2.0,1.0,0.0,116217.70277581361,Spain,Female,0
30,620.8306250206723,43.0,2.0,191.36185981980285,1.0,0.0,1.0,122692.95340229226,Spain,Female,0
31,589.8293387770603,20.0,6.0,14172.808654574776,2.0,1.0,1.0,113093.41285618494,Germany,Male,0
32,835.2278184508938,58.0,6.0,67527.84231555522,2.0,0.0,0.0,77184.61033284749,Germany,Female,1
33,648.6502775262067,59.0,8.0,19009.619755987485,2.0,0.0,1.0,76874.47180080206,Germany,Male,0
34,544.2289071044099,31.0,4.0,5373.269137189675,1.0,1.0,1.0,46047.18709027558,France,Male,0
35,,28.0,7.0,22332.6333782404,2.0,1.0,1.0,180314.87676332926,Germany,Female,0
36,527.9156350028977,35.0,9.0,15762.481924437801,3.0,1.0,0.0,100605.26640786818,France,Female,1
37,670.8863595004756,,9.0,92483.80685685146,2.0,1.0,1.0,89881.61248923166,France,Female,0
38,454.03298761202245,29.0,7.0,18796.37726469199,1.0,1.0,0.0,58204.35633463936,France,Female,1
39,517.1813951101569,40.0,0.0,77778.85788656754,2.0,1.0,0.0,232104.60560475002,Germany,Female,1
40,669.6861235869123,29.0,,111222.04538520142,1.0,1.0,1.0,,Spain,Female,0
41,723.8466579995411,30.0,2.0,,1.0,0.0,1.0,80701.8433477267,France,Female,0
42,667.1368281189971,42.0,0.0,120365.70365805984,3.0,1.0,1.0,118712.65763287272,Spain,Male,0
43,638.435171761176,62.0,,23685.9705279758,1.0,1.0,0.0,127009.5834584925,France,Female,1
44,619.8896304410712,68.0,7.0,166320.84760843578,1.0,1.0,1.0,143106.94248470577,France,Male,0
45,502.1478009632573,36.0,2.0,4676.5120906180755,1.0,1.0,1.0,181342.38284961684,France,Male,0
46,578.0155791605291,72.0,9.0,58080.68223299942,3.0,1.0,0.0,122777.09449573206,France,Female,1
47,603.9361229040212,63.0,1.0,34042.558411557664,2.0,1.0,1.0,52478.614001499955,France,Male,0
48,755.7122226218916,,10.0,24522.465688125656,2.0,1.0,0.0,88437.46936951984,Germany,Female,1
49,684.3618289568461,62.0,8.0,50080.433370266386,2.0,0.0,1.0,113852.45676312482,Spain,Male,0
50,473.69598446372663,25.0,9.0,60845.65713175621,1.0,1.0,1.0,193070.17186776205,France,Male,0
51,682.4083969394795,46.0,4.0,218.64082458732062,2.0,1.0,0.0,37098.75347090663,France,Male,0
52,611.4917719583683,72.0,6.0,9133.26611856045,2.0,1.0,0.0,154115.94273513524,Spain,Female,0
53,582.3077999694042,70.0,10.0,62421.67656343331,1.0,0.0,0.0,1310071.6460526302,Germany,Male,1
54,711.1676288840868,72.0,10.0,,2.0,1.0,0.0,137702.37408532662,France,Male,1
55,753.099952249595,49.0,1.0,169139.64705202705,3.0,1.0,1.0,95410.23775138306,France,Male,0
56,743.1280119116199,68.0,8.0,71572.49288783703,1.0,1.0,1.0,62090.53164431531,Spain,Female,0
57,566.0782476777362,61.0,8.0,,1.0,1.0,0.0,133789.27507305995,Germany,Male,1
58,619.0787624148785,35.0,,60623.86014385437,1.0,1.0,0.0,129449.39621975296,France,Female,0
59,683.1263431403564,23.0,3.0,,1.0,1.0,1.0,143742.56345828748,France,Male,0
60,747.5545127122359,35.0,5.0,,3.0,1.0,1.0,99401.29140796141,Spain,Male,0
61,,36.0,,76122.62880572403,2.0,1.0,0.0,73008.00895060677,France,Male,0
62,631.4341023336183,39.0,9.0,51662.18987260125,2.0,0.0,0.0,29854.585223927133,Spain,Female,0
63,539.3665025993972,54.0,9.0,2469.2827225771,2.0,1.0,1.0,136871.79706627328,France,Male,0
64,530.3793375919329,49.0,5.0,22318.297935387855,1.0,1.0,0.0,119075.02670997937,Spain,Male,1
65,731.2525822394198,73.0,0.0,,2.0,1.0,0.0,56539.78152112183,France,Male,0
66,785.6240028570824,58.0,8.0,34697.48969941752,2.0,0.0,1.0,75764.18470165192,France,Male,0
67,,20.0,1.0,28345.91875362745,2.0,1.0,1.0,78995.85346218517,Spain,Female,0
68,750.3532897892024,45.0,4.0,30596.759852499945,4.0,0.0,1.0,33265.700560791185,France,Male,0
69,686.1636025047634,27.0,8.0,11715.45296262979,2.0,0.0,1.0,63204.29215276898,Germany,Male,0
70,,68.0,3.0,22999.272627958508,2.0,1.0,1.0,48977.63394371406,France,Male,0
71,686.1395605508415,52.0,10.0,23086.954222601868,3.0,1.0,0.0,81438.44446504285,France,Male,0
72,803.8036566465969,,2.0,2688.7670368048907,1.0,1.0,0.0,66758.61257516968,France,Female,0
73,646.4173960890048,71.0,6.0,72957.7985806525,1.0,1.0,0.0,26784.778560996303,Germany,Male,1
74,806.4643655814007,32.0,5.0,26935.92113318849,1.0,0.0,0.0,191016.56037562666,France,Male,0
75,,50.0,7.0,86349.14198914489,1.0,1.0,1.0,156364.33289631538,France,Female,0
76,732.1902504375224,24.0,2.0,94972.13438694287,2.0,1.0,1.0,64944.126031600645,France,Male,0
77,658.7047068238171,29.0,4.0,11912.482217703124,2.0,0.0,1.0,112258.96284941245,Germany,Male,0
78,620.0992649534132,66.0,9.0,53552.796173565475,3.0,1.0,1.0,118785.92904195827,Germany,Male,1
79,659.1760776535502,47.0,3.0,31959.64288803716,2.0,1.0,0.0,153598.86346480646,France,Female,0
80,,38.0,3.0,106078.526965118,2.0,1.0,0.0,63162.77380029646,France,Male,1
81,628.0328112162488,48.0,3.0,,1.0,1.0,1.0,149144.80527920916,Spain,Female,0
82,685.7112571511747,41.0,9.0,56631.18891917224,1.0,1.0,1.0,75344.26131068793,France,Female,0
83,797.7894044741516,37.0,7.0,,2.0,1.0,1.0,39886.1918124124,Spain,Female,0
84,598.1729781726352,54.0,5.0,17499.25976950795,2.0,1.0,1.0,132586.14516915238,Spain,Female,0
85,569.1506397106813,,2.0,7343.912124034377,3.0,0.0,1.0,158084.12908550928,Spain,Female,0
86,599.8242956415463,45.0,9.0,52725.90817927142,1.0,1.0,1.0,216455.9038088808,France,Female,0
87,741.5402117702074,61.0,4.0,67084.68768927355,1.0,1.0,0.0,46012.363070940395,Spain,Female,0
88,,,5.0,18962.634533008837,2.0,1.0,1.0,131451.3858286355,Spain,Male,0
89,597.0239796232961,41.0,4.0,51758.30313402491,1.0,1.0,1.0,81558.94402929101,Germany,Male,0
90,701.3267433113356,67.0,5.0,25137.16102906837,1.0,1.0,0.0,135251.1419735814,France,Female,0
91,659.707754934804,66.0,7.0,62449.70854163753,2.0,1.0,1.0,33827.97019459373,France,Female,0
92,746.8644990532889,68.0,6.0,11108.15628530355,1.0,0.0,0.0,,France,Female,1
93,579.7946906122647,49.0,4.0,110461.56976364958,2.0,1.0,1.0,65085.63295750823,Germany,Female,0
94,617.2337853402232,,,16942.42463673094,1.0,1.0,0.0,103553.3820550638,Germany,Female,1
95,610.7891846867842,53.0,5.0,22926.36575941695,1.0,0.0,1.0,71151.343005774,France,Female,0
96,503.64850518678816,70.0,3.0,2992.3811421853043,2.0,1.0,0.0,129657.44547610388,France,Male,1
97,679.6120277064576,51.0,8.0,5911.718817835568,3.0,1.0,1.0,146210.25782160615,France,Male,0
98,676.1055272179889,53.0,3.0,36269.2543994203,2.0,1.0,0.0,,Germany,Female,0
99,650.511345664246,,0.0,,2.0,0.0,0.0,172845.44378473907,Spain,Female,0
100,626.5412866624853,32.0,6.0,90236.2253873503,1.0,0.0,1.0,118712.19832549043,France,Female,0
101,508.46292579495855,51.0,6.0,,2.0,1.0,1.0,45239.64803469248,France,Male,0
102,607.9354677234641,53.0,3.0,23828.782782735358,1.0,0.0,0.0,,France,Female,0
103,,23.0,2.0,20575.08056708215,2.0,1.0,0.0,,Germany,Male,0
104,569.7722730778381,56.0,7.0,975.8425834938557,2.0,1.0,1.0,140968.83248585064,Germany,Male,0
105,633.8714288333991,59.0,4.0,6640.491165229436,3.0,0.0,1.0,170818.03974497976,Spain,Male,1
106,690.4050856814538,68.0,9.0,26691.295273787273,2.0,0.0,1.0,120550.96048286796,France,Female,0
107,838.618590121053,,6.0,33948.860961699604,1.0,1.0,0.0,32672.853407590766,Spain,Female,0
108,667.4577812831839,71.0,3.0,25900.044161986098,1.0,1.0,1.0,58680.45250705938,France,Male,0
109,675.7550390722764,29.0,3.0,37850.981875666126,3.0,1.0,0.0,159523.5010098311,Germany,Male,1
110,642.5554084233833,20.0,7.0,45209.669398175836,2.0,1.0,0.0,92389.47914607327,France,Male,0
111,458.1228784700959,62.0,,498.6695229076359,2.0,1.0,1.0,103580.80907239746,Spain,Male,1
112,647.3486124550783,35.0,1.0,31189.933498330945,1.0,1.0,1.0,134147.0987273624,Germany,Female,0
113,656.0230209941027,57.0,1.0,165521.1110504819,1.0,1.0,1.0,131334.52879361456,Germany,Male,0
114,850.0,38.0,2.0,36597.75607924128,1.0,1.0,0.0,112545.99155734573,Spain,Female,0
115,630.7639035218878,32.0,2.0,56589.16066119482,4.0,1.0,1.0,90609.92329507903,France,Male,0
116,680.1547342333613,50.0,0.0,18688.428984494018,2.0,1.0,1.0,,France,Female,0
117,646.5288230294757,52.0,2.0,74359.10653354989,3.0,0.0,1.0,138605.44713811044,Spain,Male,0
118,533.1321962380468,43.0,,74122.971324484,1.0,1.0,0.0,124910.6288980507,France,Female,1
119,0.0,25.0,7.0,36833.64631013783,2.0,0.0,0.0,88421.49997219947,France,Female,0
120,725.1933032686774,53.0,9.0,,2.0,0.0,0.0,148695.05408469134,France,Female,0
121,,,5.0,6708.020364218744,1.0,1.0,1.0,94193.46481915974,Germany,Male,0
122,559.0612545205261,47.0,4.0,854.64600292336,3.0,1.0,0.0,61675.202154952305,France,Female,1
123,790.2794310936099,40.0,3.0,,3.0,1.0,1.0,65846.31854934948,France,Male,0
124,0.0,,2.0,,3.0,1.0,0.0,55956.662366060526,France,Female,1
125,708.685709380027,61.0,3.0,6403.444343923533,2.0,1.0,1.0,87741.54925283408,France,Female,0
126,850.0,,6.0,15433.903217401743,1.0,0.0,0.0,155517.59252512868,Spain,Male,0
127,550.9463674869312,31.0,0.0,885.4116353232502,1.0,1.0,1.0,63770.716853627106,Spain,Female,0
128,593.3702270397227,19.0,6.0,17358.06079258283,4.0,1.0,1.0,108481.40924581463,Germany,Female,0
129,659.9651365087641,72.0,0.0,,1.0,1.0,0.0,70448.9794467664,France,Male,0
130,599.6524345883801,54.0,1.0,,2.0,1.0,1.0,88286.0931427853,Spain,Female,0
131,494.93365689338674,,3.0,21392.86715466708,2.0,0.0,1.0,32048.145460663654,Germany,Female,1
132,656.8562974806027,55.0,,23240.00315796827,2.0,1.0,1.0,90075.77968795582,France,Female,0
133,543.7696286273895,62.0,10.0,67.72713471739074,4.0,1.0,1.0,91283.25790877671,Spain,Female,1
134,697.3592430635182,,10.0,17819.50119556035,1.0,1.0,0.0,124312.9574816063,Spain,Male,0
135,558.0575765766197,71.0,10.0,51987.75432802587,1.0,1.0,0.0,110047.64109649167,Germany,Female,1
136,804.993440501754,64.0,8.0,182858.272714259,1.0,1.0,0.0,46072.354377157964,Germany,Female,1
137,571.6746707663763,31.0,5.0,93885.74993123456,2.0,1.0,0.0,148788.9209819594,France,Female,0
138,,73.0,0.0,1193.889170775825,1.0,1.0,0.0,109463.6368099898,France,Female,0
139,731.351721736967,56.0,0.0,114414.68746111295,1.0,1.0,0.0,108927.7082729869,Germany,Female,1
140,0.0,42.0,5.0,,3.0,0.0,1.0,99586.79409766875,France,Female,0
141,,37.0,3.0,75791.94241744997,3.0,0.0,1.0,76700.9148750001,France,Female,0
142,780.7142754282428,19.0,3.0,30624.0726428223,1.0,1.0,0.0,109801.10528869268,Spain,Female,0
143,489.25167654387724,56.0,10.0,25375.331299759786,2.0,0.0,0.0,121401.47961678621,Spain,Male,1
144,668.4633858532304,23.0,5.0,18042.44849911565,3.0,0.0,1.0,21389.693889450034,France,Male,0
145,675.9882794248424,34.0,10.0,3397.609531713543,1.0,1.0,0.0,75755.76231942569,Spain,Male,0
146,728.182287177731,42.0,6.0,12953.782521651374,1.0,1.0,0.0,88527.38633183848,Spain,Male,0
147,526.3049289121918,74.0,8.0,14158.190425046665,1.0,1.0,0.0,111527.67725624252,Germany,Female,1
148,517.9543386915724,45.0,9.0,33089.89422796835,2.0,0.0,1.0,153698.99526672065,France,Female,0
149,702.1941565616897,19.0,4.0,68806.19413033579,1.0,0.0,1.0,65271.66334314479,France,Male,0
150,679.6984673233186,52.0,8.0,32104.629430782745,4.0,0.0,0.0,77591.71689319711,France,Male,0
151,,54.0,3.0,2979.244503124204,2.0,1.0,1.0,76935.96502090525,France,Male,0
152,0.0,22.0,9.0,158254.67021983783,2.0,1.0,1.0,63931.25844529563,France,Female,0
153,581.9975278421509,18.0,1.0,142993.9581176022,1.0,1.0,1.0,84376.6077199482,France,Female,0
154,673.2253697161003,57.0,2.0,76899.96178639588,2.0,0.0,1.0,134686.0998994587,France,Male,0
155,679.3072473298681,29.0,10.0,237382.22416799716,2.0,1.0,1.0,52577.402708604444,Spain,Male,0
156,578.5648581973633,73.0,0.0,39316.03883231449,2.0,1.0,0.0,119251.64778188065,France,Male,1
157,836.5774511144757,53.0,5.0,164529.803989145,2.0,1.0,0.0,23414.3996491749,Germany,Male,0
158,697.3832920911788,62.0,5.0,3930.7926724584913,2.0,1.0,1.0,74739.79016010073,Germany,Male,0
159,530.8696502797352,,0.0,22760.144982313843,3.0,1.0,1.0,85172.98149019062,France,Female,1
160,,64.0,,12769.216469929554,3.0,0.0,1.0,175368.68528113293,Spain,Male,1
161,552.5318329772679,,2.0,10897.42122761541,2.0,0.0,1.0,87633.89628612903,Germany,Female,0
162,728.7084603742452,28.0,4.0,7587.84936855425,1.0,1.0,1.0,10000.0,France,Male,0
163,765.8595579007404,27.0,2.0,48697.79861959905,1.0,0.0,0.0,10049.999191243754,Spain,Male,0
164,567.931768164829,20.0,,,1.0,0.0,1.0,101531.33138560064,France,Female,0
165,746.3376129244322,71.0,2.0,43172.86613479134,2.0,0.0,1.0,127619.6885105459,Germany,Male,0
166,691.2780926936498,31.0,9.0,7947.600783391258,2.0,0.0,1.0,116895.51359322638,France,Female,0
167,732.2060159994489,33.0,,83333.16729073272,2.0,1.0,1.0,107540.65476104457,Spain,Female,0
168,839.6792982653948,27.0,4.0,50523.84941086985,3.0,1.0,1.0,,France,Male,0
169,625.4611883997129,46.0,4.0,24564.689738889043,3.0,1.0,0.0,75718.39506682908,Germany,Male,1
170,574.626383564251,27.0,3.0,56062.8828533534,3.0,1.0,1.0,140270.97502120712,France,Female,0
171,561.0485570374476,29.0,0.0,15048.834729935856,1.0,1.0,0.0,26559.33017381122,Germany,Female,0
172,568.4189715034562,47.0,4.0,21170.676724698144,2.0,1.0,1.0,59277.34751778702,Spain,Male,0
173,642.2898290585896,58.0,9.0,124739.27009813524,1.0,1.0,1.0,18683.13722806827,France,Female,0
174,684.1151974816644,18.0,4.0,17160.0566445232,1.0,1.0,0.0,,Germany,Male,0
175,677.6690799330019,22.0,3.0,31742.80685649471,1.0,0.0,1.0,97918.24522301459,France,Female,0
176,732.7183249036024,37.0,5.0,110427.94021308752,1.0,1.0,1.0,105134.5671501934,Spain,Male,0
177,651.3001891877907,25.0,9.0,61502.38259218661,2.0,1.0,1.0,102784.75087992108,France,Female,0
178,795.3534077157317,60.0,3.0,3211.100623703637,3.0,1.0,0.0,58260.10011347224,Spain,Female,1
179,623.5343166762044,29.0,6.0,7967.553170232788,1.0,1.0,1.0,91439.16200140529,Spain,Male,0
180,850.0,18.0,6.0,393.6248861986807,2.0,1.0,1.0,32614.89991274131,France,Female,0
181,712.5667347765007,,1.0,49837.33534007458,2.0,1.0,1.0,161345.30388095125,France,Female,0
182,,71.0,2.0,29680.789350511688,1.0,0.0,0.0,86336.82671958995,France,Female,0
183,542.9107501938888,37.0,0.0,7209.390029505175,2.0,1.0,1.0,78000.1246430339,Spain,Female,0
184,698.2472415243185,45.0,7.0,158425.91716576112,1.0,1.0,1.0,171502.31477998372,France,Female,0
185,627.6537214674149,74.0,8.0,37714.942731423136,2.0,1.0,0.0,44098.905990284686,Germany,Female,1
186,721.4000494092093,60.0,3.0,13846.556515460237,2.0,0.0,0.0,49348.57986856139,Spain,Female,0
187,697.3237624573545,54.0,5.0,34717.75260262578,1.0,1.0,0.0,50670.08538091457,France,Male,0
188,642.7171087343128,64.0,8.0,56912.426313662814,1.0,1.0,1.0,96945.78782352331,Germany,Female,0
189,565.3206281931596,54.0,5.0,3965.1067385025403,2.0,0.0,1.0,119423.42333369188,France,Female,0
190,498.5152775314135,29.0,8.0,16058.758829254644,3.0,1.0,1.0,133285.3960653025,France,Male,1
191,605.3485047932979,54.0,3.0,82244.3151175426,1.0,0.0,0.0,215739.7892872736,Spain,Female,0
192,735.6398794323472,66.0,7.0,30778.28607786736,2.0,1.0,1.0,10000.0,France,Female,0
193,671.4093744130204,66.0,8.0,39546.50638029018,2.0,1.0,0.0,127393.10151059876,France,Male,1
194,525.4261221288012,73.0,3.0,28353.57584011556,3.0,1.0,0.0,74929.1242342496,Spain,Female,1
195,,61.0,4.0,2244.6354450078516,3.0,0.0,1.0,73611.3183000052,France,Female,0
196,688.5317379728837,73.0,7.0,9061.094871259682,2.0,1.0,0.0,72110.2542285755,Spain,Male,0
197,,45.0,9.0,29488.178371113805,2.0,0.0,1.0,59105.3648136412,Spain,Male,0
198,665.3725105945528,64.0,5.0,11734.5904124512,3.0,0.0,0.0,175803.61755715532,France,Female,1
199,655.8208718446,32.0,6.0,2563.5609768063423,2.0,0.0,1.0,137903.3797156256,France,Female,0
200,535.7029702169377,23.0,2.0,92782.80231937153,1.0,0.0,1.0,101043.81903508186,Germany,Male,1
201,685.7787360348283,61.0,6.0,198675.05515976198,1.0,1.0,1.0,160795.70886191502,France,Female,0
202,706.0784526368234,37.0,7.0,78786.34682838712,3.0,0.0,0.0,31936.196561550605,France,Male,1
203,758.3051243175277,67.0,9.0,96133.8301134739,3.0,1.0,0.0,40118.269090108326,Germany,Male,1
204,755.3802052034903,31.0,,13852.086135460568,1.0,1.0,1.0,10000.0,France,Male,0
205,512.2330632042908,19.0,9.0,161733.71774293942,2.0,1.0,0.0,68526.34569445206,Spain,Female,1
206,556.2174960084877,26.0,8.0,10965.402342068912,2.0,1.0,1.0,107276.43370171388,France,Male,0
207,701.5035267208659,54.0,5.0,,1.0,1.0,1.0,104628.63600695503,France,Male,0
208,701.3785950912209,37.0,,263140.69659946475,4.0,1.0,0.0,106720.38599769463,France,Male,1
209,701.5047686306048,43.0,3.0,62191.6390842341,1.0,0.0,0.0,36502.44260202632,Spain,Female,0
210,850.0,46.0,7.0,198545.4944713223,1.0,1.0,1.0,136141.963417631,Germany,Female,0
211,707.0890510693167,18.0,,42145.01812797031,2.0,0.0,1.0,110783.23832075491,Spain,Female,0
212,763.5565640180599,72.0,3.0,15024.303624615975,2.0,0.0,1.0,132987.44266596992,France,Male,0
213,745.4001763493202,52.0,1.0,28723.417149640478,1.0,0.0,1.0,,France,Female,0
214,715.1391251305798,23.0,,45016.06318808089,2.0,1.0,1.0,,France,Female,0
215,618.4730755359654,54.0,10.0,3794.4851106921938,2.0,0.0,0.0,46550.56420371129,France,Male,0
216,725.8969220493268,70.0,8.0,48688.48016974755,1.0,1.0,1.0,82120.45363518872,Germany,Male,0
217,572.7174785462428,22.0,4.0,198636.01039376942,1.0,0.0,1.0,124046.42043863726,Germany,Female,0
218,626.3181393259991,50.0,3.0,10542.697055766685,2.0,1.0,0.0,104099.2122815161,France,Female,0
219,601.4636452170896,66.0,1.0,78654.12180781225,1.0,0.0,0.0,61680.70090993065,Spain,Male,1
220,658.1874139386323,68.0,0.0,119243.36194756287,3.0,0.0,0.0,100282.29202829882,France,Female,1
221,850.0,31.0,10.0,143854.4517946248,3.0,1.0,0.0,31080.910814036062,Spain,Male,0
222,463.2734807408252,29.0,6.0,161113.58472240993,4.0,0.0,1.0,151762.03281542333,France,Male,1
223,718.6260190374513,59.0,5.0,36850.73610284772,1.0,1.0,0.0,90762.2191226687,France,Female,1
224,488.72841288103484,37.0,1.0,,4.0,1.0,0.0,150334.74749148966,France,Female,1
225,602.8068134210566,,7.0,70798.56118620868,2.0,0.0,0.0,76306.07408067807,France,Female,1
226,758.8950596967366,67.0,10.0,8817.258724042813,1.0,1.0,1.0,76439.08052170377,Germany,Female,1
227,656.4280019095463,41.0,3.0,32399.141606916015,1.0,0.0,1.0,65611.5946012969,France,Male,0
228,542.2255222070694,60.0,7.0,63351.163946062596,1.0,1.0,1.0,139427.8269261884,France,Female,0
229,,51.0,6.0,14207.104998989795,2.0,0.0,0.0,68075.59792021858,Germany,Female,0
230,717.9597748934676,42.0,4.0,51168.07762306764,2.0,1.0,1.0,129006.79445868294,Germany,Female,0
231,576.9633368282863,67.0,9.0,54920.68727594814,1.0,0.0,1.0,82789.64210488193,Spain,Male,0
232,671.6458589581974,46.0,9.0,8878.627189925479,2.0,1.0,0.0,11081.65150487711,France,Female,0
233,654.5571839903814,74.0,7.0,41630.2693854329,1.0,1.0,0.0,74335.86694960903,Germany,Female,1
234,584.8399652394182,56.0,8.0,73838.73160206979,2.0,1.0,0.0,46940.13035367183,Germany,Male,1
235,850.0,48.0,4.0,34547.0472579968,2.0,1.0,0.0,101525.62256570518,France,Male,0
236,713.3919022318012,73.0,9.0,608.8477943850166,3.0,1.0,1.0,46431.65189464794,France,Male,1
237,447.48574133423926,,4.0,453.97819254521426,3.0,1.0,1.0,,France,Male,1
238,668.6454314769428,,1.0,22082.809591005338,2.0,0.0,1.0,95901.58628411377,France,Male,0
239,583.8213535231612,67.0,4.0,130315.80885262009,2.0,0.0,1.0,92008.18023585675,France,Female,0
240,735.2433334796224,40.0,2.0,12982.388548195848,2.0,0.0,1.0,129515.14620044122,France,Male,0
241,570.7479261567299,61.0,6.0,50305.806252761,3.0,1.0,1.0,143375.81203341382,Germany,Male,1
242,,55.0,9.0,12556.313986525485,1.0,1.0,1.0,99095.55617036567,Germany,Male,0
243,700.4987278980457,37.0,4.0,19406.068427327784,1.0,1.0,0.0,65295.98652028192,Spain,Male,0
244,736.5755194170122,40.0,7.0,94207.58508770626,1.0,0.0,0.0,20171.367274954173,Germany,Male,1
245,529.9703592944223,62.0,0.0,65256.26528131986,2.0,1.0,1.0,69127.7609334169,France,Male,0
246,616.5498764159051,69.0,2.0,5013.081151833449,2.0,0.0,0.0,72225.44890084173,Spain,Male,1
247,602.5054688839044,33.0,2.0,,3.0,1.0,0.0,104817.58538465336,Spain,Male,1
248,,67.0,8.0,1480.1829901126068,1.0,1.0,1.0,84468.39034878877,France,Female,0
249,826.5454240281097,,,32781.98773179029,2.0,1.0,1.0,130956.98374231426,Germany,Female,1
250,690.4981710960956,72.0,8.0,54299.71334477728,3.0,1.0,1.0,,Spain,Female,1
251,523.9116045664955,25.0,8.0,6306.662671847921,3.0,1.0,1.0,97433.14749161762,Germany,Male,1
252,,67.0,,17046.051616351724,2.0,0.0,1.0,153279.43494386002,Spain,Male,0
253,850.0,38.0,,25361.324214142518,2.0,1.0,1.0,115382.13462797349,France,Male,0
254,753.2465260551147,18.0,4.0,125994.1784148555,1.0,0.0,1.0,97298.3106240146,France,Female,0
255,498.06300340459865,,3.0,249947.80379511754,3.0,1.0,1.0,72912.50011291704,France,Male,1
256,601.5765927133749,25.0,9.0,2297.553109084137,1.0,1.0,1.0,,Germany,Male,0
257,776.6911149186623,46.0,8.0,71566.24401502873,3.0,0.0,1.0,61722.40361716235,Spain,Male,0
258,579.2330534381219,49.0,6.0,23238.79121527445,2.0,0.0,1.0,75654.69103976953,Spain,Female,0
259,694.3819428146228,55.0,5.0,24916.713844208654,2.0,1.0,1.0,134004.96274349416,France,Female,0
260,727.4634053429337,22.0,6.0,70175.0725497671,1.0,1.0,0.0,90015.02779184791,France,Male,0
261,557.3069528421917,64.0,0.0,125312.49964185862,2.0,1.0,0.0,,Spain,Female,1
262,644.04746439382,39.0,0.0,150723.9393293603,2.0,0.0,0.0,179567.61818769027,Germany,Male,0
263,325.87326599309273,64.0,,43033.64717227319,1.0,0.0,1.0,114398.43360153234,France,Male,0
264,547.561235866571,51.0,1.0,22089.9500324707,2.0,1.0,0.0,36687.54697690738,France,Female,1
265,624.743184860684,18.0,9.0,77452.21547885494,4.0,1.0,0.0,80116.79827416292,Germany,Female,1
266,525.221681803515,72.0,10.0,14450.907113938641,2.0,0.0,1.0,,Spain,Female,1
267,813.2411303931635,72.0,,41514.14204758868,2.0,1.0,0.0,176706.64419838198,France,Female,1
268,,43.0,6.0,22203.420593832678,1.0,0.0,1.0,50134.939378350886,France,Male,0
269,605.9955513303016,,5.0,53447.491149389694,2.0,1.0,0.0,143921.8323710176,Spain,Male,1
270,663.0740577286091,27.0,,13748.093444425484,1.0,1.0,1.0,162976.88921375544,Germany,Female,0
271,794.1273289066115,47.0,0.0,10634.47836422213,2.0,1.0,1.0,,France,Female,0
272,506.41378488205606,67.0,1.0,,3.0,1.0,1.0,87511.8871512895,France,Male,1
273,766.316375215496,35.0,5.0,5368.33093518959,2.0,1.0,1.0,53366.083868180336,Germany,Male,0
274,651.0233061019587,34.0,,35256.727920490885,1.0,0.0,1.0,90844.24865138628,France,Male,0
275,551.8491348952049,43.0,1.0,12477.763444526256,2.0,0.0,0.0,98353.4511545681,France,Male,0
276,696.2103474263271,25.0,0.0,1985.3996856933325,2.0,1.0,0.0,129684.24991370668,Germany,Female,1
277,669.905969557347,64.0,9.0,1834.175280566355,2.0,1.0,0.0,149058.2561959201,France,Female,1
278,589.9783122841205,57.0,4.0,9632.037172916343,3.0,1.0,1.0,1180994.5844211332,Germany,Female,1
279,656.980208499002,66.0,4.0,100784.04909353613,3.0,1.0,1.0,11470.372109830249,France,Male,0
280,611.4686403138239,,1.0,16597.63533340247,2.0,1.0,1.0,99043.9849325691,Germany,Male,0
281,661.3517345251248,44.0,5.0,150247.90562678798,2.0,0.0,0.0,,France,Female,0
282,716.2130674521047,25.0,8.0,43568.53245869319,1.0,1.0,1.0,111223.79594582687,France,Female,0
283,808.6016816145352,42.0,1.0,28689.530490754383,1.0,1.0,1.0,85299.70386209303,France,Female,0
284,526.2184501173151,63.0,,43385.605059705165,2.0,1.0,1.0,105613.84448487705,Spain,Male,1
285,850.0,21.0,1.0,36355.717949754326,2.0,1.0,1.0,168195.01637585115,Spain,Female,0
286,454.7912200477498,50.0,2.0,71101.51842746741,2.0,0.0,0.0,117178.03760331291,France,Male,0
287,634.8214904964417,18.0,6.0,16598.84241993632,2.0,1.0,1.0,83198.4208748612,Spain,Female,0
288,708.8317206484577,36.0,,21774.34362613133,1.0,1.0,1.0,77491.09823068019,Germany,Female,0
289,,48.0,7.0,112260.31136902604,2.0,1.0,0.0,92356.64390450213,Spain,Female,0
290,587.7300480179406,33.0,7.0,146363.05584720752,1.0,0.0,0.0,173653.2982823788,France,Male,0
291,629.1877749642724,31.0,,,1.0,0.0,1.0,,Germany,Male,0
292,600.6999065341167,70.0,10.0,27188.7946748747,3.0,0.0,1.0,99109.25449656814,France,Male,0
293,591.0635243055789,65.0,9.0,75789.52457757636,1.0,0.0,1.0,78295.88930786637,France,Male,0
294,734.9602097021025,22.0,2.0,32345.225620584082,2.0,1.0,0.0,149454.2510848884,Spain,Male,0
295,685.7015485965047,58.0,,34411.94749736848,1.0,1.0,1.0,188192.67646351038,Germany,Male,1
296,580.7090404739346,43.0,0.0,11450.543335802255,3.0,1.0,1.0,120277.58722441248,France,Female,0
297,739.959987543325,45.0,6.0,44717.938178699704,2.0,1.0,1.0,103724.78067034416,France,Male,0
298,680.7299520876609,19.0,4.0,10298.09387371654,1.0,1.0,1.0,101655.22749284057,Germany,Female,0
299,731.286211883896,67.0,3.0,20140.783478645917,2.0,0.0,0.0,10000.0,Germany,Male,1
300,712.9628841923612,23.0,9.0,96561.49226451774,2.0,1.0,1.0,,France,Female,0
301,567.1004989077928,26.0,3.0,11601.382995655153,4.0,1.0,0.0,106037.48871981296,Spain,Female,1
302,593.9818959803031,50.0,3.0,3690.8468501513134,1.0,0.0,1.0,119275.39227973262,France,Male,0
303,724.7293605123261,58.0,5.0,3575.2078534477314,3.0,0.0,1.0,67984.20126623329,France,Female,1
304,711.0370265433464,42.0,7.0,141328.6146641773,3.0,1.0,1.0,,Spain,Male,0
305,647.9098406035852,65.0,7.0,35354.236725789975,3.0,1.0,1.0,,France,Male,1
306,661.7327383308782,30.0,4.0,26331.837490083188,2.0,1.0,1.0,145973.03428328675,France,Male,0
307,777.7664895788425,26.0,5.0,83268.30208309165,2.0,0.0,1.0,82955.80735286081,Germany,Male,0
308,590.842861116417,70.0,3.0,90341.39994404848,2.0,1.0,1.0,193719.71449494088,Spain,Female,0
309,704.7097381170038,30.0,10.0,20187.65620314438,2.0,1.0,1.0,119388.80885567669,France,Male,0
310,629.7807347566106,48.0,8.0,59146.13885831744,2.0,0.0,1.0,42594.28030019208,Spain,Female,0
311,,58.0,7.0,,2.0,1.0,1.0,94215.41680366194,Spain,Female,0
312,759.8776851987191,28.0,9.0,53159.94361736103,2.0,0.0,0.0,70674.6195029613,France,Female,0
313,732.541634898803,21.0,9.0,8219.862551402466,2.0,1.0,1.0,10000.0,Germany,Male,0
314,731.3509636000639,51.0,0.0,104326.5641370974,3.0,0.0,0.0,171976.19230512052,France,Female,1
315,,55.0,1.0,38728.11802854619,1.0,0.0,1.0,131641.41439990018,France,Male,0
316,,63.0,8.0,16597.195097022184,3.0,0.0,0.0,123994.32930546906,Spain,Female,1
317,718.1952971294963,21.0,,27689.108059388407,2.0,0.0,1.0,107443.1647134867,Spain,Male,0
318,618.9733243406544,55.0,2.0,1914.7537851351137,3.0,1.0,1.0,37809.2094088403,France,Male,0
319,682.4166352488442,36.0,7.0,6840.6557923332,2.0,0.0,1.0,78237.22872000534,France,Male,0
320,,,0.0,72524.95367560702,2.0,1.0,1.0,137880.13486528056,France,Male,0
321,659.6995964992718,51.0,9.0,0.5817411525216162,3.0,0.0,0.0,52695.09865978738,France,Female,0
322,709.5157025436913,35.0,3.0,26941.18251066355,1.0,1.0,0.0,10000.0,France,Female,0
323,,30.0,,36960.62204669365,3.0,1.0,0.0,89780.22964985833,France,Male,0
324,850.0,58.0,5.0,2809.1784578248457,2.0,0.0,1.0,93620.91006876076,Germany,Female,0
325,,40.0,6.0,180740.87681393878,2.0,1.0,1.0,106100.35373866191,France,Male,0
326,528.5811387212268,36.0,3.0,12817.26725915564,1.0,0.0,1.0,132783.33895815414,France,Male,0
327,765.8110873500068,62.0,6.0,18134.55880670851,2.0,1.0,0.0,128692.2615504044,Spain,Female,1
328,0.0,28.0,8.0,18116.15123619793,1.0,1.0,0.0,111644.64123597648,Spain,Male,0
329,,18.0,10.0,13095.301511269732,1.0,1.0,1.0,153798.9124639019,France,Male,0
330,712.8345509264279,41.0,1.0,73.7454615192529,1.0,1.0,1.0,31646.359863400838,France,Male,0
331,648.7753227153086,71.0,10.0,65345.47855373437,1.0,1.0,1.0,122706.18165148256,Germany,Male,1
332,560.2745628514168,24.0,2.0,170328.84094513746,4.0,0.0,1.0,128194.22635016241,France,Male,0
333,657.5804558193727,42.0,,12699.05152221055,4.0,0.0,1.0,44219.69712638922,France,Female,0
334,582.2838288487889,38.0,2.0,,2.0,1.0,0.0,32370.822609292474,Germany,Female,0
335,747.5119733417752,32.0,10.0,67719.6970640312,2.0,1.0,1.0,66432.60430859795,France,Female,0
336,635.2942618497862,18.0,7.0,94333.86140185174,1.0,1.0,1.0,70230.63508681186,France,Male,0
337,567.4502803207488,29.0,,27463.52896936128,2.0,1.0,0.0,,France,Male,0
338,0.0,24.0,,18043.53710296746,3.0,1.0,1.0,72345.75473390073,France,Male,0
339,691.2931454275624,32.0,7.0,19673.99596573177,3.0,1.0,0.0,61464.31667734582,France,Male,1
340,0.0,38.0,8.0,62347.72679962116,2.0,1.0,1.0,72476.48184874484,Spain,Male,0
341,567.7779604433568,36.0,3.0,84853.23753150264,2.0,1.0,0.0,150338.45503693953,France,Male,0
342,674.3687211491913,46.0,4.0,10021.056582081992,1.0,1.0,1.0,100586.95184696285,France,Female,0
343,674.4966571108723,42.0,4.0,23176.511998339018,4.0,0.0,0.0,91933.70385893897,France,Male,1
344,599.305682462887,50.0,7.0,116108.88745885163,1.0,0.0,1.0,95049.75255845269,Spain,Female,0
345,602.8961694381677,66.0,,82173.91843646854,2.0,1.0,1.0,158142.71504469353,Germany,Male,1
346,673.2049937357637,49.0,8.0,,2.0,0.0,1.0,66287.27230285411,France,Female,0
347,505.1915658502676,,7.0,70171.67191600204,2.0,1.0,1.0,159197.87309230468,Spain,Male,1
348,509.2536225623445,52.0,1.0,24977.40614418322,1.0,1.0,1.0,109472.33345146767,France,Female,0
349,578.1555778747564,61.0,9.0,44657.7511649979,3.0,1.0,0.0,92781.12781110936,France,Female,1
350,0.0,55.0,3.0,54089.86102064621,1.0,1.0,0.0,212540.52240704268,France,Male,0
351,0.0,43.0,5.0,4085.227772741556,2.0,1.0,0.0,52496.22295906316,France,Male,0
352,,28.0,1.0,39317.64431762053,1.0,1.0,1.0,84084.14081948473,France,Female,0
353,,52.0,6.0,61776.756167841384,1.0,1.0,0.0,44540.59423761999,Germany,Male,0
354,634.0061470036572,25.0,2.0,9155.371515647234,2.0,1.0,1.0,142860.78867412763,France,Male,0
355,648.0983792097311,63.0,2.0,75850.16529870559,2.0,1.0,1.0,176013.50201432555,Germany,Male,0
356,549.7470635362191,31.0,,43826.19835734714,1.0,1.0,0.0,175146.52516320875,France,Female,1
357,648.148686400761,27.0,1.0,152059.2755555257,1.0,1.0,0.0,155077.6938915702,France,Male,0
358,621.1341361079861,19.0,10.0,2167.420526105625,2.0,1.0,0.0,,France,Female,0
359,682.271856033809,63.0,7.0,15416.4301404719,2.0,1.0,1.0,,Spain,Female,0
360,567.2769056447677,26.0,5.0,46009.14975811219,3.0,1.0,0.0,,France,Male,0
361,701.9346514241172,20.0,0.0,17588.628455231763,1.0,1.0,0.0,191614.30908318068,Germany,Female,1
362,803.2738913002578,38.0,0.0,62662.38300943795,2.0,1.0,1.0,,France,Male,0
363,639.1239851543143,43.0,6.0,71149.01324549239,1.0,1.0,1.0,77861.93928087327,France,Male,0
364,690.1711722098942,25.0,7.0,5407.997301929704,1.0,1.0,0.0,,France,Female,0
365,719.0143991711112,65.0,4.0,36062.362177253795,2.0,1.0,0.0,56225.59674579996,France,Female,1
366,609.8779528114163,19.0,10.0,35554.41374949078,2.0,1.0,0.0,118297.99154002033,France,Female,0
367,672.4092481810417,23.0,4.0,23044.723809362837,1.0,1.0,1.0,92231.68895691243,France,Female,0
368,651.2592400781795,45.0,3.0,135097.09168835878,1.0,1.0,1.0,128740.47129461354,Spain,Female,0
369,659.7676098548832,70.0,5.0,87869.73400640409,1.0,1.0,0.0,97139.19073662453,France,Male,1
370,572.6990216144534,46.0,5.0,59735.687087418984,3.0,0.0,0.0,34708.24489999491,Germany,Female,1
371,,43.0,,62645.31019127748,4.0,1.0,1.0,103400.9367701517,France,Male,0
372,699.799829124545,42.0,8.0,30968.462211463793,1.0,1.0,1.0,147198.88638439128,Germany,Male,0
373,795.1143607795042,29.0,10.0,126911.90378560188,1.0,1.0,0.0,98685.26173657067,Germany,Female,0
374,745.9270826085207,22.0,6.0,59305.89566671045,3.0,1.0,1.0,134880.18047150888,France,Female,0
375,850.0,51.0,0.0,65278.328867764154,3.0,1.0,0.0,52951.173144667606,France,Female,0
376,573.265243711195,65.0,6.0,98913.21354357859,2.0,1.0,0.0,98818.26430285665,Germany,Female,1
377,737.2320636720679,54.0,4.0,16015.193846438724,1.0,0.0,1.0,71897.02952101402,Spain,Female,0
378,668.3342005738352,32.0,4.0,82271.62675622995,1.0,1.0,1.0,133614.13780471194,France,Male,0
379,850.0,61.0,1.0,10860.596594951663,2.0,1.0,1.0,101417.12030178981,France,Male,0
380,569.1701714644848,53.0,3.0,21182.112208300725,2.0,0.0,1.0,,Spain,Male,0
381,566.0278157819224,,5.0,20444.331813511395,1.0,0.0,1.0,,France,Female,0
382,590.0607354555978,60.0,9.0,,2.0,1.0,1.0,131122.8358804625,Germany,Female,0
383,437.6104275690193,,10.0,97083.98381862212,1.0,1.0,1.0,112290.32954321399,France,Male,1
384,597.4244978319239,40.0,6.0,60393.9982992444,2.0,0.0,1.0,55080.44836698676,France,Female,0
385,574.0867338446302,23.0,10.0,,1.0,1.0,1.0,99874.62501998944,Germany,Female,0
386,0.0,63.0,4.0,41285.128984206545,1.0,1.0,0.0,76010.93190928751,Germany,Female,1
387,684.175597577716,67.0,8.0,146958.77652546007,2.0,1.0,1.0,84517.12194830981,France,Male,0
388,837.6170839215886,61.0,2.0,34284.627066052795,2.0,1.0,1.0,83145.96321623871,France,Female,0
389,745.042383818605,60.0,0.0,23943.55828410854,4.0,1.0,1.0,55903.349134799,Spain,Male,0
390,592.3096344337597,62.0,3.0,8898.671397007587,2.0,1.0,0.0,11919.763488970464,Germany,Female,1
391,560.1585328651643,38.0,8.0,77137.035894156,1.0,1.0,1.0,69933.5628252505,France,Female,0
392,699.1919171506506,,3.0,66296.46409861011,2.0,1.0,1.0,108702.07533658715,Germany,Male,0
393,517.9766792979358,60.0,1.0,24254.24214245421,1.0,0.0,0.0,39332.032955762945,Germany,Female,1
394,833.1458765854354,72.0,9.0,1275.8100477195537,3.0,1.0,1.0,100705.7006412231,Spain,Female,0
395,,33.0,4.0,91316.71580553208,2.0,0.0,0.0,185512.0790939934,Germany,Female,0
396,603.0824347895295,64.0,2.0,574.1834552131777,2.0,0.0,0.0,146037.54498635075,France,Male,1
397,478.68654709091226,70.0,8.0,60819.10403301189,1.0,0.0,1.0,173959.3679104238,Germany,Female,1
398,785.3872374165413,32.0,3.0,175758.2578969906,2.0,0.0,1.0,117600.75446197268,Germany,Female,0
399,638.5460154747382,42.0,5.0,28782.549581847943,3.0,1.0,1.0,152537.94203439006,France,Female,0
400,773.7816311973462,53.0,1.0,13392.234052435346,3.0,0.0,0.0,67421.58712894957,France,Female,1
401,490.5572341205633,28.0,5.0,61017.138205989904,1.0,1.0,1.0,,France,Female,0
402,590.0624977046227,68.0,2.0,84948.48005046627,1.0,1.0,0.0,10000.0,Germany,Male,1
403,650.5243699718183,32.0,8.0,39530.31815944503,3.0,1.0,0.0,153376.54633190346,France,Male,0
404,,21.0,10.0,170615.86182015415,3.0,0.0,0.0,169314.57909189488,Germany,Female,1
405,604.9934528520756,38.0,1.0,2652.569402128082,1.0,1.0,1.0,75107.02395937285,Spain,Female,0
406,712.2849932347499,30.0,8.0,35139.23344642868,2.0,1.0,1.0,88572.17321212443,Spain,Male,0
407,543.2379570617405,39.0,4.0,63372.96236748891,1.0,1.0,1.0,66076.20488390673,Spain,Female,0
408,635.7620514978706,36.0,7.0,99257.67462153395,3.0,1.0,1.0,117219.40981648712,Spain,Female,0
409,662.0295631711899,51.0,1.0,9877.178007997745,1.0,1.0,0.0,150621.96453864584,France,Female,0
410,701.4438834058749,31.0,5.0,80472.76607020212,1.0,1.0,1.0,21575.261175353153,Germany,Female,0
411,721.161487808889,21.0,2.0,40227.079369991494,2.0,1.0,1.0,,France,Female,0
412,537.5357908162131,65.0,9.0,25254.909675138966,1.0,1.0,1.0,,Spain,Female,1
413,496.58858292643777,70.0,4.0,7061.765505724637,2.0,0.0,0.0,105102.74763850102,France,Female,1
414,777.7676821898509,,7.0,100233.68553021275,2.0,1.0,1.0,120654.73007534309,Spain,Female,0
415,683.2314011979591,,9.0,8555.623193815549,1.0,0.0,1.0,91530.89025522304,Germany,Male,0
416,575.1513463443446,44.0,0.0,18537.813911121622,2.0,1.0,1.0,95338.59159673988,Spain,Male,0
417,805.1151975522523,46.0,4.0,17127.72202638604,2.0,1.0,1.0,,France,Female,0
418,661.5674634292859,64.0,,102557.8801850155,1.0,1.0,0.0,143664.22908047267,France,Female,0
419,0.0,45.0,3.0,55844.362286306474,2.0,1.0,1.0,118844.19820573734,Spain,Female,0
420,656.7518481410109,52.0,1.0,79649.05291553204,3.0,1.0,0.0,109926.25919818123,France,Female,1
421,850.0,25.0,8.0,14415.306609661313,2.0,1.0,1.0,,Spain,Male,0
422,825.5340842443204,33.0,2.0,49024.67874882831,1.0,1.0,1.0,82963.91155540806,France,Male,0
423,625.1035851520926,,1.0,42401.9381061268,1.0,1.0,0.0,140440.11221526284,Germany,Male,1
424,747.1570950954356,53.0,9.0,89437.31370964587,1.0,0.0,1.0,101696.34579057652,France,Male,0
425,714.5375949585148,47.0,10.0,118269.35506050372,2.0,1.0,1.0,129678.91613151123,Germany,Female,0
426,786.8631557532349,35.0,8.0,611.5634704485624,2.0,1.0,0.0,179493.0310147435,Germany,Female,1
427,553.5076539419896,19.0,6.0,56045.9500444768,2.0,0.0,1.0,146737.27311439675,France,Female,0
428,718.6051459998439,66.0,5.0,2661.3792023111373,1.0,1.0,0.0,104192.1251964884,France,Male,1
429,755.8424486849588,30.0,0.0,39798.73036849448,1.0,0.0,1.0,77005.48734119229,France,Female,0
430,,21.0,4.0,,2.0,1.0,1.0,10000.0,Germany,Female,0
431,531.6741487334225,43.0,10.0,18320.148226473095,2.0,1.0,1.0,92422.67848872163,Germany,Male,1
432,446.07678222398994,42.0,10.0,21767.242483955855,1.0,1.0,1.0,85329.43768824179,Germany,Male,0
433,623.0593165555442,47.0,,48549.55025691306,2.0,0.0,1.0,,Germany,Male,0
434,721.7542255795962,28.0,0.0,20327.031739141697,1.0,0.0,1.0,93074.26478613906,France,Male,0
435,800.2357052096028,24.0,,65969.00519963843,3.0,0.0,0.0,85582.67232534426,France,Male,1
436,657.4094780419775,48.0,1.0,25919.99393869146,3.0,1.0,1.0,19927.048127175076,France,Female,0
437,812.8615545571292,61.0,1.0,3540.0753206794393,1.0,1.0,1.0,57701.447688247004,France,Female,0
438,511.9898541785109,27.0,2.0,76568.28242916668,1.0,1.0,0.0,121449.29683602508,Spain,Male,1
439,479.6617560644845,56.0,7.0,16826.69464758569,2.0,1.0,1.0,177215.84340097127,Spain,Female,0
440,644.4452301103381,30.0,7.0,28349.245633047143,1.0,1.0,1.0,95611.35773144694,France,Female,0
441,688.4065448939307,48.0,6.0,57829.639351591286,2.0,1.0,1.0,114751.49831083555,Germany,Female,0
442,646.7305251905907,,,20207.510434524887,3.0,1.0,0.0,142861.51706287626,Spain,Female,1
443,443.25578999601237,,8.0,2912.4851911949045,2.0,1.0,0.0,,France,Male,1
444,641.0879960487212,66.0,3.0,23413.93964260737,3.0,1.0,0.0,116506.6319478449,France,Female,1
445,,59.0,0.0,144522.3124584016,2.0,0.0,1.0,,France,Female,1
446,716.9672548830039,59.0,7.0,51324.03303355561,1.0,0.0,0.0,138917.0997320955,Germany,Female,1
447,686.6598246096848,73.0,6.0,55657.74843475207,2.0,1.0,1.0,106813.13715782796,Spain,Male,0
448,556.0120213672644,53.0,6.0,50021.96783680692,2.0,0.0,0.0,113430.3316291648,Germany,Female,1
449,598.6133082663307,37.0,2.0,11094.22589643863,2.0,1.0,1.0,64783.063116163496,France,Male,0
450,544.0786478111048,21.0,3.0,27092.932275544612,1.0,1.0,0.0,131816.45618248533,France,Male,1
451,643.7320902726829,71.0,,69503.0319049337,1.0,1.0,1.0,193812.08145539573,Spain,Male,0
452,,24.0,8.0,5344.356102718182,4.0,1.0,0.0,54643.97370573072,Spain,Male,1
453,551.4273953664456,,5.0,16276.31248216475,1.0,0.0,1.0,84710.84465586142,Germany,Female,0
454,700.4046515517845,18.0,4.0,16170.2370654051,4.0,1.0,0.0,110422.33633756413,Germany,Male,1
455,596.9742381627559,,2.0,28283.359202299045,4.0,1.0,1.0,135388.27953981175,France,Male,1
456,570.7127167737656,73.0,,196531.6066639828,2.0,1.0,1.0,74820.41716197389,Spain,Male,0
457,639.2969640045442,62.0,4.0,3494.442924806149,2.0,1.0,0.0,10000.0,Spain,Male,0
458,546.4757677580626,59.0,4.0,,2.0,1.0,1.0,161163.52723738112,France,Male,1
459,594.6350694652818,64.0,3.0,9883.823033775565,3.0,1.0,1.0,134222.77538128642,Germany,Female,1
460,530.2122107411152,30.0,3.0,176468.37926128868,1.0,1.0,0.0,21567.361128100078,France,Male,0
461,846.472513291639,,0.0,6012.626257777126,2.0,0.0,1.0,72659.40436991998,France,Female,0
462,653.5263551971728,39.0,,,2.0,1.0,0.0,170568.20932872966,France,Female,0
463,580.0274492007414,71.0,8.0,66948.5941183854,2.0,1.0,1.0,165150.83883060399,France,Male,0
464,671.3979910734222,38.0,2.0,60963.532435157795,2.0,1.0,1.0,142238.80102055252,France,Female,0
465,0.0,39.0,1.0,27472.14115099548,1.0,1.0,0.0,,France,Female,0
466,627.9030400466777,45.0,2.0,21272.48644659102,2.0,1.0,1.0,103734.43384656296,Germany,Female,0
467,711.4166700043426,26.0,0.0,25342.707571706298,3.0,1.0,1.0,,France,Male,0
468,725.7507710047305,43.0,5.0,15345.029413501969,1.0,1.0,1.0,150770.7902470977,France,Male,0
469,596.9498852389472,26.0,,11491.602143566874,3.0,0.0,1.0,60587.09170772004,France,Male,0
470,592.418175935532,32.0,10.0,,2.0,1.0,1.0,63739.01553021079,Germany,Male,0
471,622.4948302848356,27.0,6.0,15635.210297696756,3.0,0.0,1.0,145462.3564076207,France,Male,0
472,419.8078835264415,41.0,,16946.07823168569,2.0,0.0,0.0,98003.73450197972,France,Male,1
473,498.4808937801448,74.0,10.0,53465.69496915921,2.0,1.0,1.0,162031.03099542134,Spain,Male,1
474,786.6874267444525,59.0,1.0,172947.67846531578,1.0,1.0,1.0,69781.95068587545,Germany,Female,0
475,814.4967713501284,25.0,7.0,46271.266347133365,3.0,1.0,1.0,97534.97378475287,Spain,Female,0
476,625.0963960443622,41.0,5.0,4005.1899429972545,1.0,0.0,1.0,58491.4156820221,France,Male,0
477,707.6556963055766,33.0,3.0,3929.6337244275537,3.0,1.0,1.0,,France,Female,0
478,681.1250154543536,66.0,4.0,151230.4828716215,4.0,1.0,1.0,33465.38783505405,Germany,Male,1
479,850.0,43.0,7.0,17640.605735917972,1.0,1.0,1.0,78056.49605702667,France,Male,0
480,761.9574911434577,44.0,2.0,4829.233816040338,1.0,1.0,0.0,35368.5760782347,France,Male,0
481,637.2082408519234,54.0,2.0,,2.0,1.0,1.0,131226.54549360662,France,Female,0
482,554.4459559399575,21.0,10.0,48861.62356502919,1.0,1.0,1.0,132246.52028918432,Spain,Male,0
483,489.35536797424277,67.0,3.0,52277.964041156585,3.0,1.0,0.0,22138.17712820448,France,Male,1
484,670.3463635867223,41.0,0.0,15557.909833478298,1.0,0.0,1.0,160024.85854752577,Spain,Male,0
485,574.3649254715697,36.0,8.0,,1.0,1.0,1.0,212383.68068889342,Spain,Male,0
486,507.7746290402326,53.0,7.0,167642.32206039815,4.0,1.0,0.0,,France,Female,1
487,585.3427115757473,56.0,7.0,14443.675475963291,2.0,1.0,0.0,71149.85828989098,Germany,Male,1
488,541.8451996385605,27.0,9.0,56354.645122308044,3.0,0.0,0.0,227094.8765951371,Germany,Female,1
489,818.7141635072564,,5.0,,1.0,1.0,1.0,40646.417576387015,Spain,Female,0
490,738.1639756949451,35.0,6.0,47081.377909590985,2.0,1.0,0.0,100904.79100910942,France,Male,0
491,649.2027358683382,,,18764.309924204463,2.0,1.0,0.0,108083.00226843655,Spain,Male,0
492,0.0,53.0,8.0,15810.679551628298,2.0,0.0,1.0,160531.64292035866,France,Female,0
493,657.7368307647619,27.0,2.0,45523.918161017944,2.0,1.0,0.0,116188.25388070548,Spain,Female,0
494,563.8715798671736,50.0,2.0,100531.47087469952,2.0,1.0,0.0,77561.47468951969,France,Female,0
495,802.3124077269657,72.0,2.0,146622.59804712815,2.0,1.0,0.0,57196.703332541976,France,Female,0
496,,67.0,9.0,5597.207257871357,1.0,0.0,1.0,84618.0180889239,Spain,Male,0
497,546.2753845673544,22.0,2.0,8410.79234315485,2.0,1.0,1.0,54688.26875746851,Spain,Female,0
498,630.9661321916392,64.0,8.0,144781.91298494596,1.0,1.0,0.0,102152.13939031074,Germany,Female,1
499,562.4381746615243,66.0,3.0,66691.78069043614,2.0,0.0,1.0,74611.1719062781,France,Female,0
500,511.7200269035664,52.0,,107276.42831722235,1.0,0.0,1.0,32768.29930196122,France,Female,0
501,742.6177547531641,61.0,8.0,11321.988527499603,2.0,1.0,0.0,156481.56047687068,Spain,Male,0
502,840.9416640470131,51.0,10.0,44286.36336323545,2.0,0.0,0.0,77604.73644569323,Spain,Male,0
503,510.1432426180859,50.0,6.0,60388.934278554065,1.0,0.0,0.0,42933.84377611094,Spain,Male,1
504,706.296923669057,72.0,8.0,56989.199317458886,1.0,1.0,1.0,92428.33894806063,France,Female,0
505,584.9357430878173,38.0,2.0,26225.245575197172,1.0,1.0,1.0,103076.72046854465,France,Female,0
506,601.2874616235304,34.0,3.0,775.7311732207487,2.0,0.0,0.0,21408.997348943492,Germany,Male,0
507,590.7606075761131,39.0,7.0,43724.58755453356,3.0,1.0,1.0,,Spain,Male,0
508,563.6009230320184,,,14591.301618925725,1.0,0.0,0.0,52877.909408938096,France,Female,1
509,654.8521627944828,54.0,4.0,29914.968667385016,2.0,0.0,1.0,176996.29641358543,Spain,Male,0
510,566.9049883588962,32.0,3.0,158007.96297502719,1.0,0.0,1.0,123578.22304345306,Germany,Female,0
511,677.0456825779838,52.0,7.0,25460.95554848561,2.0,1.0,0.0,82004.50044508076,France,Female,0
512,644.9761890550863,45.0,0.0,91567.1136757221,3.0,0.0,1.0,66467.45033571923,France,Female,0
513,0.0,24.0,8.0,10446.046558564827,1.0,0.0,0.0,95276.45315963692,France,Female,0
514,559.2436337958402,49.0,0.0,55807.33072314863,2.0,1.0,1.0,127575.58337124804,Germany,Female,0
515,592.3228669431667,28.0,7.0,188628.17378428322,1.0,1.0,0.0,98852.76421366601,France,Female,0
516,725.5391225825756,27.0,3.0,5373.308821031382,1.0,0.0,1.0,90227.85367884145,France,Male,0
517,700.0917187624381,26.0,8.0,417.7373062622429,1.0,1.0,0.0,102626.6630868053,Spain,Male,0
518,552.2444755201449,31.0,10.0,28421.217841253445,1.0,0.0,1.0,72826.34809433704,France,Male,0
519,659.9332305429226,30.0,4.0,4859.9997869305,2.0,1.0,0.0,84555.7332920633,France,Female,0
520,725.138712337179,74.0,2.0,68992.62764478805,2.0,1.0,1.0,10000.0,France,Male,0
521,483.05947188786286,42.0,8.0,,2.0,1.0,0.0,143817.68038835656,Germany,Female,1
522,704.3360192379935,19.0,10.0,28459.912786061886,1.0,1.0,1.0,113445.90011447929,Spain,Female,0
523,583.7376241054153,52.0,,14968.279124765962,1.0,1.0,0.0,65194.487018495645,France,Female,0
524,707.0598668593159,24.0,3.0,28493.701626667273,2.0,0.0,0.0,185443.07416098577,Spain,Female,0
525,573.6740843457483,38.0,10.0,64267.78759780297,4.0,1.0,1.0,103915.74161765739,Germany,Male,1
526,0.0,35.0,3.0,454.7699803614305,1.0,0.0,0.0,53373.539261116144,France,Male,0
527,487.2457562116837,20.0,7.0,44513.3636144739,3.0,1.0,0.0,138553.18396617062,France,Male,1
528,654.8084946661382,59.0,1.0,47504.22889260729,2.0,1.0,1.0,117912.16974291681,France,Female,0
529,,71.0,8.0,50762.5120676584,2.0,1.0,1.0,117756.09934678987,France,Male,0
530,559.5683374895591,56.0,5.0,13855.05115132008,2.0,1.0,0.0,80840.99779067843,Germany,Male,1
531,713.8592458777374,58.0,8.0,,1.0,1.0,1.0,120272.30757001156,Germany,Male,1
532,483.847993773104,66.0,7.0,4792.0477802918,1.0,1.0,1.0,88220.87694005074,France,Female,0
533,,28.0,6.0,11111.59437946992,2.0,0.0,0.0,125017.3653240629,France,Male,0
534,528.8983800237543,56.0,0.0,104969.98808902604,1.0,1.0,1.0,14277.499569521256,France,Female,1
535,584.8163892197841,41.0,2.0,67108.73543226646,3.0,1.0,1.0,80475.6941659365,Germany,Male,0
536,654.7398671316414,63.0,10.0,692.0449429463241,2.0,1.0,1.0,177496.97940136876,France,Female,0
537,563.9586634716047,36.0,1.0,14275.97132418404,1.0,1.0,0.0,65481.96450698648,Germany,Male,0
538,,21.0,4.0,12065.788712923631,2.0,0.0,1.0,72827.2766128066,France,Male,0
539,750.6292809214441,43.0,4.0,15790.79571346389,1.0,1.0,0.0,79841.73976975112,Germany,Male,1
540,592.3108130476851,55.0,4.0,14221.685722856122,2.0,1.0,0.0,45333.72388501105,Spain,Female,0
541,733.5692112065142,59.0,3.0,3228.328516165735,2.0,0.0,0.0,10000.0,France,Male,1
542,,,4.0,30711.302767106776,3.0,1.0,1.0,89623.61206643742,France,Male,0
543,702.9804177915282,56.0,2.0,65975.44483496352,2.0,1.0,1.0,106113.67408367456,Spain,Female,0
544,794.15686206579,62.0,0.0,46663.16328474587,2.0,1.0,1.0,97637.27191576065,France,Female,0
545,402.83554998727107,,4.0,55870.13671515735,2.0,1.0,1.0,93480.4647123451,Germany,Female,1
546,570.3104744529523,,8.0,,3.0,0.0,0.0,101936.83918826745,France,Female,0
547,707.707212718054,57.0,,151299.9978317007,1.0,1.0,0.0,146027.8662197844,Germany,Male,1
548,629.6954613957007,54.0,3.0,91159.97865791447,1.0,1.0,0.0,91429.92163318525,France,Male,0
549,687.1145873371308,50.0,2.0,81760.94997440989,1.0,1.0,0.0,74166.28403107286,Spain,Female,0
550,589.6014813284179,53.0,0.0,86575.70268273655,1.0,1.0,1.0,87349.35318003612,Germany,Male,0
551,658.65897874729,20.0,1.0,134937.5596598192,2.0,0.0,1.0,126070.60418905491,Spain,Female,0
552,0.0,26.0,7.0,39290.97839250176,2.0,0.0,0.0,163541.20953444624,Germany,Male,0
553,766.7782061659807,25.0,0.0,11174.806789967352,2.0,1.0,0.0,71733.53173738698,Germany,Female,0
554,675.4420843301214,50.0,7.0,47957.77283987891,1.0,1.0,0.0,104452.02041629977,France,Male,0
555,683.7602662075202,23.0,6.0,67910.90931174178,2.0,1.0,1.0,115226.08488711818,Spain,Female,0
556,608.8123033877532,58.0,7.0,66954.77661867003,1.0,0.0,1.0,55333.98969720297,Spain,Female,0
557,601.2393775927507,56.0,5.0,36849.62705983576,2.0,1.0,1.0,100918.77252458132,France,Male,0
558,606.744181218038,21.0,8.0,3545.7386793518535,2.0,1.0,1.0,34044.67641960572,Spain,Male,0
559,689.4452142378296,30.0,2.0,,1.0,1.0,1.0,20392.73633172705,Germany,Male,0
560,607.9015519179737,66.0,9.0,126767.87293516332,1.0,0.0,0.0,116503.58835515156,Germany,Female,1
561,678.9774856896413,19.0,3.0,,1.0,1.0,0.0,82725.63664011477,France,Male,0
562,,22.0,5.0,38645.456901744314,3.0,1.0,1.0,109102.61834295485,France,Female,0
563,737.1124703431692,61.0,,15657.072429293192,3.0,1.0,1.0,99194.72603462425,France,Male,1
564,617.3976467832159,44.0,4.0,22978.82267765736,2.0,1.0,0.0,56061.99781012912,France,Male,0
565,770.1213922163945,49.0,2.0,,1.0,1.0,1.0,,Germany,Female,0
566,609.1924626978448,38.0,5.0,54900.08088730326,2.0,1.0,1.0,44510.44127433152,France,Female,0
567,446.1875464822146,25.0,3.0,77414.08965374801,2.0,1.0,1.0,162593.75611006303,France,Male,0
568,549.1913689082596,55.0,8.0,30288.457321064925,2.0,0.0,1.0,38981.33448130163,Spain,Female,0
569,462.9208078974144,25.0,,49746.03286775109,1.0,1.0,1.0,91189.66280641383,France,Female,0
570,614.8486515958691,67.0,3.0,14276.460159816908,1.0,0.0,1.0,53097.77853787382,France,Male,0
571,651.8418379189552,20.0,6.0,61117.16403019921,2.0,1.0,0.0,125668.9528012358,France,Female,0
572,817.6437312275283,71.0,6.0,27895.978066118114,2.0,1.0,0.0,85085.58829233237,France,Male,1
573,682.6927373764163,61.0,3.0,29218.72099519876,1.0,1.0,0.0,76659.99761704555,Spain,Male,1
574,628.0899471191136,20.0,5.0,52394.38905266018,1.0,1.0,0.0,138394.06952731995,Germany,Female,0
575,732.9405581183489,,2.0,137663.32735548692,2.0,0.0,1.0,101324.37662548985,Spain,Male,0
576,428.88646909921147,23.0,5.0,3307.329154614954,3.0,1.0,1.0,123249.00006711853,France,Female,1
577,673.5614558108566,19.0,1.0,87075.15826035758,4.0,1.0,0.0,55840.332856714085,Germany,Male,1
578,727.0865193886967,40.0,7.0,17292.62240730678,2.0,0.0,1.0,36783.23752326219,France,Female,0
579,502.1413754220158,61.0,1.0,29342.10646139482,2.0,1.0,0.0,104824.35829180601,France,Female,1
580,,19.0,10.0,1107.8495994734697,1.0,0.0,0.0,85651.91400273709,France,Female,0
581,683.8496407494414,55.0,6.0,17908.52292848194,2.0,1.0,0.0,,France,Female,0
582,608.4712086099198,34.0,8.0,34921.17807338147,2.0,1.0,0.0,96404.11963018526,France,Female,0
583,713.2781866106285,52.0,0.0,2890.7826423977494,2.0,0.0,0.0,109228.39026555835,France,Male,0
584,850.0,51.0,7.0,33774.76767819873,2.0,1.0,1.0,26947.78615264404,Spain,Male,0
585,668.1866255058495,40.0,6.0,130940.62255622892,1.0,0.0,1.0,184979.66228264157,France,Female,0
586,674.8220586300336,47.0,5.0,5568.550354541229,1.0,0.0,1.0,92609.11067355856,France,Male,0
587,604.0639100459756,69.0,,72289.63558694006,1.0,0.0,0.0,131391.41366526397,France,Female,1
588,,25.0,5.0,26353.768039866256,1.0,1.0,0.0,,Germany,Female,0
589,0.0,39.0,8.0,53235.725456006156,1.0,1.0,0.0,113860.44559978035,France,Male,0
590,564.3916174091132,61.0,,15071.24354572826,4.0,1.0,1.0,41371.98564138646,Spain,Male,1
591,657.1566237219392,53.0,0.0,8687.456019759164,2.0,0.0,0.0,120343.05272168519,Spain,Female,0
592,602.2342553234884,22.0,5.0,8745.213506410946,2.0,0.0,1.0,,France,Female,0
593,697.8979825746392,30.0,9.0,3654.990330033584,3.0,1.0,1.0,101313.57267710053,France,Female,0
594,683.3662105286949,46.0,,10268.049183884455,4.0,1.0,1.0,131408.8313558544,France,Female,0
595,753.7539944257899,48.0,7.0,54564.8631893166,2.0,1.0,1.0,44535.68599508739,Germany,Female,0
596,598.9983601145253,,2.0,106722.60761290975,3.0,0.0,0.0,69197.87212242413,France,Female,1
597,623.0125064706629,74.0,9.0,84134.22813307037,1.0,1.0,0.0,120579.59264890445,France,Male,1
598,552.1236284217692,72.0,0.0,57780.455581822855,1.0,1.0,0.0,194419.96635460362,France,Female,1
599,605.5706739923888,33.0,8.0,5850.958690531575,2.0,1.0,1.0,93786.29494023332,Germany,Female,0
600,687.7300493044852,59.0,0.0,17067.326074221484,2.0,1.0,0.0,126601.12530657696,France,Male,1
601,725.6988616645352,,2.0,18539.19148579818,2.0,0.0,0.0,,France,Female,0
602,557.7834675822374,74.0,7.0,,1.0,1.0,1.0,187401.05176403347,Germany,Female,1
603,736.960592010566,72.0,2.0,36180.90288086634,1.0,1.0,0.0,21375.024986563498,Germany,Male,1
604,785.5637858804951,33.0,3.0,38345.4791469922,2.0,1.0,1.0,104257.9470101211,Spain,Female,0
605,691.3434903223701,29.0,7.0,22071.661895862886,1.0,1.0,1.0,26850.51848970726,France,Male,0
606,837.6795812558066,,0.0,21831.472439241606,2.0,1.0,0.0,10000.0,Spain,Female,0
607,572.6210800896426,33.0,5.0,88174.81254885437,2.0,1.0,0.0,113385.79239030174,Germany,Male,0
608,525.5345296688583,29.0,0.0,,2.0,0.0,0.0,106277.40082663565,France,Male,1
609,472.12797510957216,25.0,0.0,,2.0,1.0,1.0,87182.33780160094,Germany,Male,1
610,799.6044311489184,37.0,7.0,122547.55242514166,3.0,1.0,1.0,,France,Female,0
611,715.4365656354057,20.0,10.0,152683.97969230026,2.0,1.0,1.0,239423.47453320658,Spain,Female,0
612,644.4415329089545,33.0,3.0,19781.373489389513,2.0,1.0,1.0,88382.11878858545,France,Male,0
613,677.996862631982,47.0,0.0,21880.690356209325,2.0,0.0,1.0,122955.59625625337,Germany,Male,0
614,537.4510952701623,62.0,9.0,35223.972788543004,1.0,1.0,0.0,70778.58311737535,France,Female,1
615,850.0,40.0,6.0,141613.38022406763,1.0,1.0,0.0,113285.46587682713,Spain,Female,0
616,662.9221181975228,45.0,4.0,104502.65554463936,1.0,0.0,1.0,,France,Female,0
617,660.9394794604893,68.0,,5410.894290702713,2.0,1.0,0.0,81526.66827716216,Spain,Female,1
618,722.5766623898692,57.0,0.0,24939.150011702382,2.0,0.0,0.0,181850.43394901464,Spain,Female,1
619,,,9.0,40301.37157340869,3.0,1.0,1.0,152973.32334329525,France,Male,1
620,672.3884024279131,22.0,10.0,34971.59163920341,1.0,1.0,1.0,106153.59913296538,Spain,Female,0
621,570.9525544554688,37.0,5.0,10775.083000408873,1.0,1.0,1.0,10000.0,Spain,Male,0
622,697.1468357135996,57.0,8.0,97884.83684779266,4.0,1.0,1.0,83754.58495363436,France,Female,1
623,,73.0,8.0,56495.981909402835,1.0,1.0,0.0,221636.24039822875,France,Male,1
624,784.5420046154977,61.0,7.0,90979.67581497204,2.0,1.0,1.0,89620.22500121314,Germany,Male,0
625,809.3186626639397,18.0,4.0,97866.2503402714,2.0,1.0,0.0,149644.79074241463,France,Female,0
626,598.8784323568815,74.0,0.0,68986.96535848756,2.0,1.0,0.0,164887.40808786702,France,Male,0
627,551.039517974142,47.0,8.0,,1.0,1.0,1.0,109853.37621351887,France,Male,0
628,637.4213079900352,38.0,0.0,47150.57297135249,1.0,0.0,0.0,62118.02656593315,France,Male,0
629,655.5724912288695,37.0,,8739.424453665171,1.0,1.0,1.0,10000.0,France,Male,0
630,759.4191518470949,23.0,4.0,55988.540612477846,2.0,0.0,0.0,130787.34438740296,France,Female,0
631,480.75353702851805,,2.0,9877.034469695107,2.0,1.0,1.0,63335.979872940334,Spain,Male,0
632,802.9550319460614,35.0,10.0,59200.27268512381,1.0,1.0,0.0,107926.77033494615,Germany,Female,0
633,634.199210142101,25.0,6.0,13042.151555503231,2.0,1.0,1.0,43758.08471847862,France,Male,0
634,607.311893005258,56.0,6.0,6252.731117308142,3.0,1.0,1.0,88064.3106788409,Germany,Female,1
635,548.7895624739832,49.0,8.0,9033.215947152425,1.0,1.0,0.0,101517.3574705474,Germany,Female,1
636,484.51433281342304,50.0,6.0,99.70610798553129,2.0,1.0,0.0,,Spain,Female,1
637,732.3170583961914,70.0,10.0,63423.720592313206,2.0,0.0,0.0,49833.00156914136,France,Male,1
638,657.3317967188403,33.0,2.0,65913.29354919007,1.0,0.0,0.0,153860.99269426084,France,Female,0
639,0.0,29.0,10.0,36173.44873135256,1.0,0.0,1.0,73139.73468706128,Spain,Female,0
640,520.4921227936384,55.0,0.0,8798.854342037746,2.0,1.0,1.0,24648.87427960396,Spain,Male,0
641,,69.0,7.0,4362.625076201045,3.0,0.0,0.0,95093.94610164413,Germany,Female,1
642,816.9021525289393,51.0,2.0,965.7146158574832,3.0,1.0,0.0,101546.88890619071,Spain,Male,1
643,624.0408648636395,31.0,7.0,9060.998805753396,2.0,1.0,0.0,107226.5244927292,France,Male,0
644,,53.0,7.0,110754.14535748174,2.0,0.0,1.0,,Germany,Female,0
645,625.4256935914055,50.0,4.0,13823.052658091772,2.0,1.0,0.0,89359.80234688632,France,Male,0
646,622.727643025233,40.0,0.0,21868.79373005469,2.0,1.0,1.0,94617.11690340529,France,Male,0
647,,67.0,9.0,5565.882570548336,2.0,0.0,1.0,50356.70284451079,Spain,Male,1
648,644.5705133482188,62.0,6.0,12574.663233084151,1.0,1.0,0.0,136924.90762995536,France,Female,0
649,,19.0,9.0,36617.75005095822,2.0,1.0,1.0,108293.90788351465,France,Male,0
650,719.6206364813419,58.0,4.0,46793.13638308699,2.0,1.0,1.0,,Spain,Male,0
651,834.8956094945345,38.0,7.0,14075.213996189348,2.0,1.0,1.0,14289.638794054132,France,Male,0
652,762.6565029547758,19.0,8.0,,3.0,1.0,0.0,164998.54877747892,Spain,Female,1
653,623.111130944517,44.0,10.0,24799.549251168788,1.0,1.0,0.0,44754.40159947742,Spain,Male,0
654,539.347409125833,74.0,6.0,13341.932089252792,1.0,0.0,1.0,73392.48957836325,Germany,Female,1
655,850.0,26.0,6.0,12394.481473601149,1.0,1.0,1.0,116125.50299842015,France,Male,0
656,655.9218434014489,18.0,0.0,,2.0,1.0,1.0,46154.89321224911,France,Female,0
657,,28.0,3.0,47894.77740754984,2.0,0.0,1.0,32792.05997860855,France,Female,0
658,647.5874912889997,20.0,1.0,40695.55759654726,1.0,1.0,1.0,10000.0,France,Female,0
659,669.8084760767855,69.0,1.0,26873.463678898755,2.0,1.0,1.0,132444.86288075362,France,Male,0
660,635.5639588076058,40.0,1.0,28013.429223173604,2.0,1.0,0.0,75466.61898731551,Spain,Male,0
661,592.6337993119764,43.0,3.0,,2.0,1.0,1.0,231727.15416129984,France,Male,0
662,595.3141058759608,21.0,0.0,59607.12084619026,2.0,1.0,1.0,55254.0220466107,Germany,Female,0
663,646.7246729784001,35.0,3.0,60557.60841675229,2.0,1.0,1.0,58534.703945698544,France,Male,0
664,595.6575228866235,72.0,1.0,9418.625811311385,3.0,1.0,1.0,74557.31633715694,Germany,Male,1
665,,23.0,4.0,34668.63550715419,1.0,1.0,0.0,110941.059481232,Spain,Female,0
666,660.6430227691897,52.0,2.0,26547.853333703613,1.0,1.0,1.0,78840.84975466099,France,Male,0
667,624.5022782579144,39.0,7.0,102214.13266333092,2.0,1.0,1.0,127554.94963011304,France,Male,0
668,800.3992988582688,60.0,3.0,49904.728386185496,4.0,1.0,0.0,55963.52245051055,Germany,Female,1
669,384.9030191606988,32.0,0.0,38018.231425361446,2.0,1.0,1.0,37828.37266913885,Germany,Female,0
670,759.1506851922462,39.0,0.0,6130.682839680343,1.0,1.0,0.0,19080.33672659016,Germany,Male,0
671,774.6085192497629,54.0,9.0,46524.286456636786,1.0,1.0,0.0,,France,Female,0
672,442.660976759185,69.0,2.0,6233.051440267387,2.0,0.0,0.0,76686.89412362245,France,Male,1
673,,,8.0,20564.59571843652,1.0,1.0,1.0,86455.88594230502,Spain,Male,0
674,612.8559134004208,29.0,6.0,7706.648613371262,2.0,1.0,1.0,71585.33376325676,Spain,Male,0
675,509.24883052821787,64.0,1.0,58894.731915814424,4.0,0.0,1.0,1349565.2020944627,France,Male,1
676,572.2183312409124,66.0,8.0,11549.46959397232,2.0,1.0,1.0,155261.35943236607,Spain,Male,0
677,538.9424154534171,59.0,9.0,24867.45648308424,2.0,1.0,1.0,84933.86556499741,France,Female,1
678,,,1.0,,2.0,1.0,0.0,19273.54990636166,France,Female,0
679,,35.0,2.0,11427.681936507677,1.0,0.0,0.0,74498.27013752263,France,Male,0
680,777.1555094994159,62.0,10.0,35444.02147474845,3.0,1.0,1.0,1017683.609840323,France,Female,0
681,722.1672064043235,52.0,9.0,,2.0,1.0,0.0,70428.92669748739,Germany,Female,0
682,537.0948228782771,47.0,1.0,914.5146658282575,2.0,0.0,1.0,68602.64932457899,France,Male,0
683,597.5479733720226,,2.0,78693.43172279622,2.0,1.0,1.0,,France,Female,0
684,698.9374561227918,59.0,5.0,3577.2655764686,2.0,1.0,1.0,82605.6272846008,Spain,Female,0
685,527.7872191108055,47.0,8.0,32146.95072837621,2.0,0.0,1.0,,Germany,Male,0
686,721.2998430172388,31.0,8.0,41126.16604663264,1.0,1.0,0.0,109374.51288815164,Germany,Male,0
687,625.9674601841865,23.0,6.0,49500.42355320459,3.0,1.0,0.0,116216.59221571875,Spain,Male,1
688,612.5179192450403,20.0,2.0,,3.0,1.0,1.0,1202422.8045772542,France,Male,0
689,721.0959968203491,33.0,3.0,14602.739846099725,2.0,0.0,0.0,157197.9396703165,Germany,Male,0
690,694.4263311486039,24.0,5.0,501.4449182274021,4.0,0.0,1.0,55897.19641717236,Spain,Male,0
691,613.9033834180921,69.0,10.0,64267.036299469924,1.0,0.0,0.0,,Germany,Male,1
692,765.9329803364249,31.0,4.0,38356.545643634716,2.0,1.0,1.0,117135.01321142733,France,Female,0
693,0.0,26.0,1.0,90430.34056564426,2.0,1.0,1.0,63216.63395135471,France,Male,0
694,711.5935606944264,32.0,5.0,86127.0727665723,2.0,0.0,1.0,114458.11618408246,Spain,Female,0
695,709.3101257968384,38.0,2.0,92679.45682339606,2.0,0.0,0.0,10000.0,France,Female,0
696,,52.0,7.0,33188.61004991347,1.0,1.0,0.0,162660.51736673803,Spain,Male,0
697,682.6133022242118,19.0,1.0,20295.38999184942,1.0,1.0,1.0,130253.2033618181,Germany,Female,0
698,524.8886423614697,,0.0,78404.77129159647,2.0,1.0,0.0,32478.55528766493,Germany,Female,1
699,742.4027019206901,19.0,8.0,30009.63530161353,1.0,1.0,1.0,33455.02942691714,Spain,Female,0
700,631.5097863557011,52.0,2.0,10132.878735771452,2.0,1.0,1.0,175251.96568438876,Germany,Male,0
701,597.7276979480961,35.0,10.0,96542.11885867282,1.0,0.0,1.0,66817.90434259186,France,Female,0
702,754.900922583689,31.0,0.0,107091.3332417349,1.0,1.0,1.0,62461.68180703193,Germany,Female,0
703,579.565630945724,37.0,6.0,,2.0,1.0,0.0,10000.0,Spain,Male,0
704,0.0,35.0,9.0,3935.914484397893,2.0,1.0,1.0,,France,Female,0
705,494.33708264760963,27.0,4.0,24536.943501757476,3.0,1.0,1.0,89752.61733239112,France,Female,0
706,710.600995134564,,4.0,81364.22586247191,2.0,0.0,1.0,132197.18935462684,France,Female,0
707,521.9570647503717,19.0,,116024.23117498835,1.0,0.0,1.0,37041.4707316986,Spain,Female,0
708,0.0,42.0,8.0,11374.696431004255,3.0,1.0,1.0,31587.094349172563,France,Female,0
709,441.8070592116278,71.0,6.0,,2.0,0.0,0.0,120293.31856494147,Germany,Male,1
710,819.6456368290038,50.0,7.0,104921.21014020714,1.0,0.0,0.0,145302.85320521792,France,Female,0
711,671.1017467202619,53.0,8.0,24666.064372231296,2.0,0.0,1.0,,France,Male,0
712,640.3286888129608,,5.0,39018.21594685678,3.0,0.0,0.0,148668.13388348836,Germany,Female,1
713,595.508091319105,31.0,4.0,172203.90602646055,2.0,1.0,1.0,101689.38286690696,France,Male,0
714,689.913611435207,18.0,5.0,3444.182867956367,1.0,0.0,1.0,149131.24025835906,Germany,Male,0
715,646.2365297575152,63.0,10.0,52251.39709923748,1.0,1.0,0.0,,Spain,Male,0
716,760.3301882016522,33.0,1.0,,1.0,1.0,0.0,10000.0,Spain,Female,0
717,661.4227648662039,71.0,3.0,23537.709819860083,2.0,1.0,1.0,93161.46779577826,France,Female,0
718,665.0301761461877,63.0,2.0,,2.0,0.0,0.0,147706.47184020714,Spain,Female,1
719,613.6387787786144,69.0,6.0,28411.459213976,1.0,1.0,1.0,59781.42914123285,Germany,Female,1
720,644.3054376278933,20.0,8.0,,3.0,0.0,1.0,82541.57639916465,Spain,Female,0
721,680.7801768892059,52.0,4.0,40942.24227788536,2.0,1.0,1.0,92073.99234020598,France,Male,0
722,478.98316073433745,58.0,5.0,19368.649544732372,2.0,1.0,1.0,10000.0,Germany,Male,1
723,515.1814577894287,23.0,9.0,12430.2047501835,3.0,1.0,0.0,175210.64089468642,Spain,Male,1
724,724.3264094022715,42.0,1.0,21579.202945019086,1.0,1.0,1.0,59438.09440462715,Spain,Female,0
725,667.0865438127942,30.0,2.0,23303.23176468781,2.0,1.0,0.0,122758.09446127595,France,Female,0
726,631.6016663647321,,2.0,3559.425313132252,2.0,1.0,0.0,96098.4488733306,France,Male,1
727,651.8433933065393,51.0,8.0,23067.99069853607,3.0,1.0,1.0,156592.8575361712,France,Female,0
728,684.7581705361671,25.0,6.0,31203.310823324064,2.0,1.0,1.0,118272.52550926364,France,Female,0
729,596.0240319690638,38.0,7.0,64139.573892646054,1.0,1.0,0.0,89428.40778155615,France,Male,0
730,572.1695274597687,51.0,10.0,53461.823418765394,3.0,1.0,1.0,59791.82083663239,France,Male,0
731,669.5845255097681,21.0,9.0,61681.35137033334,1.0,1.0,1.0,135903.28156219627,Spain,Female,0
732,552.1627222384968,,10.0,419.9426856058394,3.0,1.0,0.0,15695.141322042255,France,Female,1
733,690.8252755714472,32.0,8.0,12273.76543151715,4.0,1.0,0.0,129065.06891241515,Germany,Male,1
734,479.74163957621596,21.0,5.0,54188.78807356185,1.0,1.0,1.0,50542.986180030726,France,Female,0
735,752.9155637325644,62.0,3.0,33081.39547050122,2.0,0.0,1.0,156352.7647880488,France,Male,0
736,697.2597482413044,29.0,,266.3821192736602,1.0,1.0,1.0,107258.47941982128,France,Male,0
737,,49.0,7.0,81608.37477457024,2.0,0.0,1.0,,France,Male,0
738,748.2690983945514,49.0,,74098.33644919387,2.0,1.0,0.0,103689.49662211238,Spain,Female,0
739,816.5474444462577,45.0,1.0,39750.044058111744,2.0,0.0,1.0,21143.03071865515,Spain,Male,0
740,751.437006501813,,7.0,3438.7514988213948,3.0,0.0,1.0,61267.18764720977,France,Male,0
741,465.9125768668355,48.0,4.0,72731.88279549895,2.0,1.0,1.0,130257.52019251221,France,Female,0
742,522.0423033264299,31.0,6.0,,2.0,1.0,0.0,107499.51178119298,France,Male,1
743,587.5181422304321,37.0,3.0,76153.83210126404,3.0,0.0,0.0,153144.54573875526,Spain,Female,1
744,652.6091050210833,35.0,4.0,69665.34304535216,4.0,1.0,0.0,118147.35533667273,Spain,Female,1
745,701.7659020469123,46.0,7.0,81228.10339259655,1.0,0.0,1.0,56498.41491838031,Germany,Female,0
746,,23.0,0.0,36491.39501754389,4.0,0.0,1.0,64177.11380257147,Germany,Male,1
747,668.6766764477078,49.0,0.0,7560.015384221204,1.0,1.0,1.0,104631.28257354567,Spain,Male,0
748,574.4617067646677,46.0,3.0,55608.81426470513,3.0,1.0,0.0,,France,Female,0
749,588.8482197008052,60.0,2.0,48441.58034676422,1.0,0.0,0.0,1417096.8784947617,France,Female,0
750,509.33389031517777,19.0,,67788.87608141982,1.0,1.0,1.0,119878.60313699007,Spain,Female,0
751,557.6766753889095,40.0,1.0,9309.311113175609,2.0,0.0,1.0,,Germany,Male,0
752,514.8315394383667,36.0,2.0,10844.109723041844,2.0,1.0,1.0,28872.8226635874,Germany,Female,1
753,552.4126747022667,48.0,10.0,110550.23720907293,2.0,1.0,0.0,156005.4322159865,Germany,Female,0
754,755.364179660784,68.0,10.0,69310.2779435605,1.0,1.0,1.0,200417.4509962487,France,Female,0
755,555.0601111168057,22.0,10.0,119422.66819727802,2.0,1.0,0.0,40560.47400802071,Germany,Male,1
756,850.0,36.0,0.0,71088.89013113904,3.0,1.0,0.0,134713.0807706695,Germany,Female,1
757,699.331790088089,51.0,0.0,45460.20829885577,2.0,1.0,1.0,100049.94751092819,France,Male,0
758,668.4836123694874,27.0,5.0,53085.01052794627,1.0,0.0,0.0,30500.476828829007,Germany,Male,0
759,564.1642219818787,42.0,4.0,109968.91050998267,2.0,1.0,0.0,122179.77873333414,Spain,Female,0
760,720.0309879408992,19.0,7.0,43233.17676020177,1.0,1.0,1.0,137512.14421768067,France,Female,0
761,592.4362173762227,28.0,1.0,50036.8143965703,3.0,0.0,1.0,72949.30512990188,France,Female,0
762,662.2009814645362,67.0,3.0,8508.388667527144,3.0,0.0,1.0,152466.24341148502,France,Male,1
763,850.0,48.0,7.0,32115.21529083448,2.0,1.0,1.0,24995.646694486102,Germany,Male,0
764,640.394010027535,73.0,5.0,63009.015043571424,2.0,1.0,0.0,,France,Male,1
765,764.9273326285676,32.0,0.0,15800.147346499278,2.0,0.0,0.0,106146.88280149386,Germany,Female,0
766,579.6823574874113,,,11298.262711589632,2.0,0.0,1.0,101142.33750875223,Spain,Male,0
767,646.5011509503038,40.0,0.0,18831.260848764963,3.0,1.0,1.0,67754.19302091526,France,Female,0
768,0.0,36.0,1.0,13820.665406717284,2.0,1.0,1.0,136431.74961873487,Spain,Female,0
769,587.3032942212233,26.0,4.0,12098.013849627498,2.0,1.0,0.0,123890.24413971772,Spain,Female,0
770,831.2448557996929,52.0,,27656.29340582181,2.0,1.0,1.0,138616.2581920307,France,Male,0
771,720.7751935455475,38.0,7.0,119210.64783844442,2.0,0.0,0.0,94458.86040914795,France,Male,0
772,593.7533224105732,,10.0,35368.3549779316,4.0,1.0,1.0,127116.11205902534,Spain,Male,0
773,,45.0,2.0,10407.844522212927,2.0,1.0,1.0,79945.73636365024,Spain,Female,0
774,,63.0,10.0,,2.0,1.0,1.0,192421.84105389682,France,Male,0
775,,68.0,3.0,59562.06724269233,1.0,0.0,1.0,63435.440344510636,France,Male,0
776,492.97752801095436,24.0,9.0,24128.007830491348,2.0,1.0,1.0,194738.38432562404,France,Female,0
777,577.2862824175131,33.0,10.0,86251.12205608029,2.0,1.0,1.0,101569.95761902338,Spain,Female,0
778,625.2481364448495,33.0,5.0,53868.58899283821,1.0,1.0,1.0,38102.00996940658,France,Male,0
779,642.5566570899954,,10.0,79540.97836041615,1.0,1.0,0.0,161563.57077198706,Germany,Female,0
780,712.0672097550678,21.0,10.0,15869.005592718597,2.0,0.0,1.0,105665.56247777316,Spain,Male,0
781,667.7701000933254,21.0,9.0,58941.07541012077,2.0,1.0,0.0,138300.5844271107,France,Female,0
782,,56.0,2.0,15330.469106684042,2.0,1.0,1.0,155073.5163344167,Germany,Female,1
783,688.0197851005963,57.0,1.0,139900.2329675527,1.0,1.0,1.0,115207.99993652613,France,Male,0
784,711.0585745283823,34.0,5.0,50581.50931618789,2.0,1.0,1.0,73349.16198342334,Spain,Female,0
785,705.979044793104,54.0,10.0,19615.979526792973,1.0,1.0,0.0,143907.10199511627,France,Female,0
786,758.0780725554622,56.0,4.0,15702.114325817409,2.0,1.0,0.0,,Germany,Female,1
787,,69.0,9.0,10593.280914634784,1.0,1.0,1.0,130863.60183737885,Germany,Male,0
788,695.9180079228437,46.0,4.0,59313.35053787402,1.0,0.0,1.0,10000.0,France,Female,0
789,642.9834288541354,,9.0,12340.80317687602,1.0,1.0,1.0,120114.17726544334,France,Female,0
790,483.90390664840083,53.0,4.0,45230.864856457316,2.0,1.0,0.0,71263.63786847364,France,Male,1
791,692.9618219132586,55.0,9.0,15369.417050454951,1.0,1.0,1.0,174398.93367303387,France,Male,0
792,670.7687687163111,56.0,,54230.87542058411,2.0,1.0,1.0,,Spain,Female,0
793,677.1578837195374,67.0,2.0,84353.68576448172,2.0,1.0,0.0,110793.59856321834,Spain,Female,1
794,522.3251424179691,54.0,6.0,75259.58057169421,2.0,1.0,0.0,121883.94970075997,France,Female,1
795,541.8943459591737,,5.0,71533.493706326,2.0,1.0,1.0,55070.16162054768,Germany,Male,1
796,755.3152853332904,52.0,3.0,,3.0,1.0,1.0,173046.5510737624,Germany,Female,0
797,,,1.0,4626.87345025399,1.0,1.0,1.0,,Spain,Male,0
798,718.1500697372625,44.0,8.0,60023.75118285905,2.0,0.0,1.0,117681.10797466974,France,Male,0
799,,45.0,0.0,22970.77123598895,1.0,0.0,1.0,171568.16058581375,France,Female,0
800,652.9756139495745,39.0,10.0,28312.179982064277,1.0,1.0,1.0,74388.33105973598,France,Female,0
801,743.8283805975998,31.0,3.0,1582.2270730651903,2.0,0.0,0.0,64129.88951987587,Germany,Male,0
802,598.3955271782626,,0.0,15026.644533912373,2.0,0.0,0.0,101841.61369280153,France,Female,0
803,659.6120776940984,54.0,5.0,1712.8257613789892,3.0,1.0,1.0,119572.34672655544,France,Female,0
804,0.0,39.0,3.0,105675.06119683947,2.0,1.0,1.0,82270.59934405958,France,Male,0
805,606.5503772567685,22.0,4.0,13945.80914974728,4.0,1.0,1.0,124199.56856658177,Germany,Female,0
806,619.082787653136,72.0,4.0,40747.34519277519,1.0,1.0,1.0,113787.52669330363,France,Male,0
807,672.2133771633713,19.0,8.0,,1.0,1.0,0.0,55076.195111902525,France,Female,0
808,602.1251378336523,,0.0,54957.73048072541,1.0,1.0,1.0,123345.68578532746,France,Male,0
809,775.5756125573521,38.0,1.0,,1.0,0.0,0.0,138858.77091346844,France,Male,0
810,560.5392697780496,71.0,5.0,114099.52473304837,2.0,1.0,1.0,107716.1192915676,Germany,Female,1
811,631.3128355838641,55.0,4.0,109515.61116018707,2.0,1.0,1.0,151869.16464677616,France,Male,0
812,606.0268941725825,32.0,10.0,19673.661327106798,1.0,1.0,1.0,45216.829292637165,France,Male,0
813,794.6977884353732,38.0,,115612.02569055898,3.0,1.0,1.0,121057.76899593332,Germany,Female,1
814,669.6554776511574,27.0,2.0,278083.86180741864,3.0,1.0,0.0,47337.368212145135,France,Female,1
815,753.1844539468635,40.0,2.0,87267.36769711309,1.0,0.0,1.0,49866.33887951106,France,Female,0
816,501.44396269630283,73.0,9.0,93175.0245926015,1.0,1.0,0.0,71608.11248179944,Spain,Male,1
817,676.7050265869259,56.0,1.0,14318.06299604674,1.0,1.0,1.0,57607.29173915898,France,Male,0
818,738.9630795623438,22.0,2.0,42983.98992553327,1.0,1.0,1.0,,France,Male,0
819,658.2283989275425,18.0,9.0,3481.220362865055,1.0,0.0,1.0,90363.2360179965,France,Female,0
820,756.5480375065351,30.0,0.0,4986.483092402734,2.0,1.0,1.0,137671.9518849123,France,Male,0
821,598.2711549899627,38.0,4.0,300000.0,1.0,1.0,0.0,,Germany,Male,0
822,790.9347440185579,43.0,4.0,19773.702970479466,2.0,0.0,1.0,,Germany,Female,0
823,850.0,67.0,10.0,68952.8133814556,4.0,1.0,0.0,151303.0530922822,Germany,Male,1
824,613.7161439560341,62.0,6.0,82166.55588657974,2.0,1.0,1.0,62330.94398732322,France,Female,0
825,605.4497478599228,38.0,3.0,97604.60575716627,3.0,1.0,0.0,97357.58078029171,France,Female,0
826,795.3384477117701,70.0,2.0,300000.0,1.0,1.0,0.0,120094.14281233202,Spain,Female,1
827,807.9572145730713,35.0,0.0,13820.392319829854,2.0,1.0,1.0,,Spain,Male,0
828,597.7139972846732,54.0,7.0,2059.375297847147,2.0,1.0,1.0,149238.0796384664,France,Male,0
829,607.9813182904143,,2.0,26482.715304569138,1.0,1.0,0.0,121555.14145267414,France,Male,0
830,0.0,49.0,1.0,6967.739778697819,1.0,0.0,0.0,61241.068913630144,France,Female,0
831,515.5549488965723,53.0,10.0,,2.0,1.0,1.0,198035.2978296248,France,Female,0
832,558.1348053515802,34.0,3.0,22347.712126266644,2.0,0.0,0.0,108745.00585022049,France,Female,0
833,549.5859233247932,52.0,2.0,76563.29021790305,2.0,0.0,0.0,93369.68980203223,France,Male,1
834,573.2202434895871,66.0,0.0,41756.3585401623,2.0,1.0,1.0,143376.6440375007,Germany,Male,0
835,646.5315112613218,28.0,2.0,18754.89395772082,2.0,1.0,0.0,111225.29256685326,Germany,Male,0
836,673.421473253652,,1.0,53115.27239748333,1.0,1.0,1.0,117965.26868226971,France,Male,0
837,805.0500492814077,69.0,7.0,13199.460919587747,1.0,1.0,1.0,212148.27993703092,France,Male,0
838,550.1645959261209,72.0,5.0,724.2930686019672,1.0,1.0,1.0,87619.5357285229,Spain,Female,0
839,748.4322398476584,70.0,8.0,72271.09981674551,1.0,0.0,1.0,85700.75976921718,France,Male,0
840,0.0,43.0,7.0,48874.1541994483,4.0,1.0,1.0,105246.03304056087,Germany,Female,0
841,645.0536290347567,21.0,9.0,71837.84729547107,2.0,1.0,0.0,148218.21710114673,France,Female,0
842,717.4819492166604,51.0,2.0,1985.8186663832364,2.0,1.0,0.0,32205.968641432046,Germany,Male,0
843,,69.0,,,1.0,1.0,1.0,11549.984883557263,France,Female,1
844,688.2409746184051,65.0,6.0,48316.898045698,2.0,1.0,0.0,73579.81282209336,France,Male,0
845,666.6452208213057,35.0,4.0,41436.359303712605,1.0,1.0,1.0,26473.46684233207,France,Male,0
846,699.2451264008149,57.0,7.0,48990.028862609295,1.0,0.0,1.0,80882.58936134627,France,Female,0
847,678.9168643907818,52.0,4.0,99914.555846661,1.0,1.0,0.0,122612.48632581806,France,Male,0
848,850.0,58.0,0.0,44207.69803459724,2.0,1.0,1.0,59916.30114014814,Germany,Male,0
849,586.2260015748684,,4.0,43488.29704919095,2.0,1.0,1.0,35792.80404483959,France,Female,0
850,596.9003044998183,,3.0,233775.11053935264,2.0,0.0,1.0,103120.17227719066,France,Female,0
851,587.6859473575236,46.0,5.0,70679.20140598498,2.0,1.0,1.0,138814.45680768267,Germany,Female,0
852,594.4522880839745,55.0,2.0,29196.149416729462,3.0,0.0,1.0,23726.19526675243,Germany,Female,0
853,586.2612872693483,59.0,,,1.0,1.0,1.0,136910.45792376928,Spain,Female,0
854,768.9016531107552,38.0,4.0,24651.77975240543,1.0,1.0,1.0,136778.77916822466,Germany,Female,0
855,792.0504247989854,59.0,1.0,12995.269560208722,1.0,0.0,1.0,142933.82959704826,France,Male,0
856,592.9253706250523,30.0,10.0,45422.561670941555,2.0,1.0,0.0,154831.60966922587,Germany,Male,0
857,566.7644426895771,66.0,5.0,,4.0,0.0,0.0,199090.62660968272,Spain,Male,1
858,697.1415556386404,58.0,5.0,132352.12029327807,1.0,1.0,1.0,83975.85781214252,Spain,Female,0
859,594.7776955719029,34.0,4.0,,3.0,1.0,0.0,104930.72110350362,France,Male,0
860,713.293181775551,73.0,5.0,37504.65962435363,3.0,0.0,0.0,81260.27050383885,France,Female,1
861,670.29230208513,26.0,10.0,11889.761909378165,1.0,0.0,1.0,1252760.2398205588,France,Male,0
862,498.42558850027683,58.0,6.0,271662.3096007408,2.0,1.0,0.0,168979.30100363406,Germany,Female,1
863,804.7505201330061,18.0,4.0,198477.0656162156,2.0,0.0,1.0,39474.3482231199,Germany,Male,0
864,829.5877673095522,19.0,,,4.0,0.0,1.0,61252.764752549105,Germany,Female,1
865,588.7211309515613,65.0,7.0,81587.77018532882,1.0,1.0,1.0,161973.14214270527,France,Female,0
866,611.2298440064015,46.0,3.0,62780.88017923939,2.0,1.0,1.0,145901.64281059406,Germany,Female,0
867,,50.0,8.0,44966.54568445091,1.0,1.0,0.0,83659.0758932315,Spain,Female,0
868,683.4456789987025,27.0,9.0,2741.1863195983733,2.0,0.0,1.0,138448.0900504324,France,Male,0
869,715.8544272672831,67.0,5.0,30326.858939522594,2.0,0.0,1.0,115354.71291214149,Germany,Male,0
870,850.0,57.0,0.0,56163.63904695658,2.0,0.0,1.0,167512.35740504446,France,Female,0
871,632.305277250595,38.0,,56587.508754881645,3.0,0.0,1.0,103352.93172220477,Spain,Female,0
872,570.1702755461546,45.0,2.0,23350.216057317393,3.0,1.0,0.0,146153.4451242662,Spain,Female,0
873,512.0680771985473,28.0,9.0,142100.7872475774,3.0,1.0,1.0,218890.5359721679,Germany,Male,1
874,576.9069960058081,72.0,3.0,9157.516941152922,1.0,0.0,0.0,126914.46197713597,Germany,Female,1
875,646.6873027126203,51.0,5.0,34693.31657590699,2.0,1.0,1.0,102219.76746076797,Spain,Female,0
876,829.4557863517788,25.0,6.0,58701.92960707369,1.0,1.0,1.0,132510.11433494408,France,Male,0
877,598.2388700963828,39.0,9.0,,2.0,1.0,0.0,83562.36138082518,France,Female,0
878,672.3787951638899,25.0,3.0,52297.048549103594,2.0,1.0,0.0,207458.54674861295,Spain,Female,0
879,648.3577103927248,66.0,5.0,16099.06194807168,2.0,1.0,0.0,108103.19669631917,France,Male,1
880,768.8393273448085,32.0,10.0,8492.378198547864,2.0,0.0,1.0,87718.00058985192,France,Female,0
881,850.0,34.0,0.0,50521.87437461948,4.0,0.0,1.0,62393.99477409837,Spain,Female,0
882,596.9131227079679,40.0,7.0,45727.37712303205,1.0,1.0,0.0,,Germany,Male,0
883,601.0560557481778,41.0,6.0,9883.294682328686,2.0,0.0,1.0,139023.43357724824,France,Female,0
884,,62.0,10.0,61062.58569092443,2.0,1.0,0.0,77619.0532863658,France,Male,0
885,718.1891489626312,,,30364.255764388963,1.0,1.0,1.0,125940.31053050901,France,Female,0
886,834.6707325736033,22.0,8.0,55094.973015560754,1.0,1.0,0.0,32114.981430421467,France,Female,0
887,708.3928185325964,49.0,2.0,90812.98204613951,3.0,1.0,1.0,108323.67587829204,France,Female,0
888,614.070790921294,61.0,,,3.0,1.0,1.0,120374.03584345125,Germany,Female,1
889,709.0654830692309,18.0,0.0,966.5252060320516,3.0,1.0,1.0,176829.84143016505,France,Female,0
890,760.8703580582908,40.0,2.0,75502.8438535453,4.0,1.0,1.0,65313.15387720898,France,Male,0
891,732.0482181197364,54.0,4.0,47041.650385961984,1.0,0.0,1.0,42474.1317038954,France,Female,0
892,700.7274031107298,25.0,10.0,,2.0,1.0,1.0,59705.74175837312,Spain,Female,0
893,756.6674689589154,30.0,1.0,,2.0,0.0,1.0,39854.417485828606,France,Male,0
894,766.9295590445672,25.0,2.0,81179.61443897677,2.0,1.0,1.0,160149.58109915425,France,Male,0
895,788.2158991037527,74.0,3.0,162107.41057540957,2.0,1.0,1.0,,France,Female,0
896,,40.0,6.0,,2.0,1.0,0.0,114409.74600769731,Germany,Male,1
897,633.2881919683145,60.0,2.0,33519.95776638009,2.0,1.0,1.0,154958.27255583165,Germany,Female,0
898,664.6713686433322,,8.0,25698.795693722026,2.0,1.0,0.0,106028.12712611059,France,Male,0
899,770.6508966508356,,7.0,8343.53942303189,1.0,1.0,1.0,95719.97585346553,France,Male,0
900,568.3064329012764,68.0,3.0,42502.59296105759,2.0,0.0,1.0,85013.30714258073,France,Female,0
901,0.0,41.0,0.0,16218.168984630423,2.0,1.0,1.0,86032.40538800956,Germany,Male,0
902,610.6661187672639,,0.0,127110.37909505007,2.0,1.0,0.0,30348.929966093594,Germany,Female,0
903,652.8744822934817,41.0,0.0,43756.33630557236,1.0,1.0,0.0,111891.46436233025,France,Male,0
904,777.8451862607299,34.0,0.0,44927.47468663413,2.0,1.0,1.0,98184.97404036803,France,Male,0
905,669.1099068019903,22.0,7.0,21919.4082082837,1.0,0.0,1.0,133541.2325835044,France,Male,0
906,654.6436548156149,37.0,2.0,2669.4772349584428,2.0,1.0,0.0,104208.55733973744,France,Female,0
907,514.0143859020081,38.0,5.0,1612.9260770302405,2.0,1.0,1.0,92678.33342939087,Germany,Female,1
908,724.625356602722,57.0,2.0,27524.701015670293,2.0,1.0,1.0,60796.313649656615,France,Male,0
909,714.5484181141076,48.0,,4417.816493337841,1.0,0.0,1.0,103246.89565697926,France,Female,0
910,850.0,63.0,,46677.81584065129,2.0,1.0,0.0,133220.6753867273,France,Female,1
911,,53.0,6.0,106420.2484115725,2.0,1.0,1.0,48549.74540122627,Spain,Female,0
912,671.9150327663939,28.0,1.0,107242.67725759071,2.0,0.0,0.0,103936.31891563327,Spain,Male,0
913,674.9383683710755,69.0,5.0,53800.29890547041,2.0,1.0,1.0,110486.93281882678,France,Female,0
914,807.7453279763474,32.0,5.0,11864.141540467563,2.0,1.0,0.0,67687.08473717811,France,Male,0
915,640.4704467613047,36.0,10.0,99387.56123270604,2.0,1.0,0.0,73546.46627913999,France,Male,0
916,677.9021525770339,24.0,2.0,108618.8387330262,1.0,1.0,0.0,,France,Male,0
917,710.7896509716539,68.0,,10948.462850360547,1.0,1.0,0.0,48996.05417683197,France,Male,1
918,668.6609123156359,45.0,9.0,66861.13292848202,2.0,1.0,1.0,115746.56718622266,Germany,Male,0
919,605.3566385449471,68.0,9.0,16880.012053853385,2.0,1.0,0.0,59709.053185336,Germany,Female,1
920,669.4089992898307,60.0,4.0,81136.36947089959,2.0,0.0,0.0,147828.41618649475,Spain,Female,0
921,757.3631749859773,22.0,1.0,294588.19920511765,1.0,0.0,1.0,205202.24854247348,France,Male,0
922,547.348470058894,22.0,8.0,1524.3008731011755,1.0,1.0,0.0,61265.94392341811,Spain,Female,1
923,663.2969674146876,47.0,7.0,113829.23547395159,2.0,1.0,0.0,124039.35380686037,Spain,Female,0
924,579.9879185060827,71.0,2.0,48726.527722878156,1.0,0.0,1.0,67296.61428030914,France,Female,0
925,769.5046628924842,49.0,7.0,181309.54308603387,2.0,1.0,1.0,146842.93782090052,France,Female,0
926,0.0,25.0,8.0,31275.316100669694,1.0,1.0,1.0,43063.37159116533,France,Female,0
927,594.1078152728412,27.0,2.0,93992.80356643363,2.0,0.0,1.0,121626.40412924706,France,Female,0
928,687.7211875064521,55.0,2.0,,3.0,1.0,1.0,60715.49648997913,France,Female,0
929,806.5524029234341,64.0,1.0,20419.397528551704,1.0,0.0,0.0,,Germany,Male,1
930,643.4249738927012,49.0,7.0,3468.390182076232,2.0,1.0,1.0,53603.86261837118,France,Male,0
931,594.4800473306801,65.0,9.0,185134.99282987346,1.0,1.0,1.0,137005.7711903089,Spain,Male,0
932,838.115706944059,45.0,0.0,84906.32765453648,2.0,1.0,1.0,62335.884050218585,France,Female,0
933,505.19860995837564,34.0,7.0,95712.43274335699,2.0,0.0,1.0,124838.39166993224,Spain,Female,0
934,430.1194043379918,48.0,6.0,139003.01338964835,2.0,1.0,0.0,84515.58872819501,France,Male,1
935,694.0014450053333,25.0,6.0,4447.215984366045,2.0,1.0,1.0,94848.74326905116,Spain,Female,0
936,599.7945775647389,57.0,,24355.258936051094,3.0,1.0,1.0,106649.01583300579,France,Female,0
937,,42.0,0.0,3684.204817842052,1.0,0.0,1.0,65717.88977535181,France,Male,0
938,720.8356447299353,26.0,3.0,11836.338190250637,1.0,1.0,0.0,109466.52010933991,Spain,Male,0
939,674.3800713771199,19.0,8.0,13027.071848820397,3.0,1.0,0.0,168865.0553959485,France,Male,1
940,593.5921369263272,32.0,4.0,31659.7591084984,2.0,1.0,0.0,64985.73463752786,Germany,Female,0
941,521.9695601329106,,0.0,15637.152419979117,3.0,1.0,1.0,152731.45644732303,Germany,Female,1
942,,20.0,4.0,5322.394599515666,2.0,1.0,0.0,167414.3935069503,France,Female,0
943,715.0201177958661,66.0,7.0,9165.567669698085,3.0,1.0,0.0,63273.02549373802,France,Male,1
944,,53.0,7.0,7965.941795647717,2.0,0.0,1.0,34522.54277092516,Germany,Male,0
945,834.6636996047666,21.0,4.0,180738.34164996215,2.0,1.0,0.0,113588.24050772941,France,Female,0
946,542.9915233673847,31.0,8.0,71208.64021507773,3.0,0.0,1.0,75366.66147549072,Germany,Male,1
947,497.44748290752614,58.0,0.0,171729.64055921455,2.0,1.0,0.0,184087.14486233512,Spain,Male,1
948,,,3.0,28967.75928236257,1.0,0.0,1.0,101566.33932249245,France,Female,0
949,645.4413983644503,42.0,2.0,16312.031639109378,1.0,1.0,1.0,63901.02663841694,France,Male,0
950,674.3339449322692,72.0,1.0,80047.00536592351,1.0,0.0,1.0,48377.82200447298,Germany,Male,0
951,625.876394214367,67.0,7.0,19745.098602513415,1.0,1.0,1.0,149045.72315908736,France,Male,0
952,685.2055396514297,27.0,6.0,17789.721849606434,1.0,1.0,0.0,74296.7211662116,France,Female,0
953,524.8460575809556,38.0,8.0,13231.230349408832,2.0,0.0,0.0,101972.29597571927,France,Female,1
954,794.3764604073259,53.0,1.0,,2.0,0.0,0.0,143011.12353006162,Germany,Male,1
955,641.7848821607431,29.0,3.0,14816.84158781171,2.0,0.0,1.0,78208.37416311263,France,Female,0
956,761.7295831588127,44.0,5.0,,2.0,1.0,1.0,97933.20270669277,France,Female,0
957,684.2725346377704,57.0,10.0,56042.00656745553,1.0,1.0,1.0,99254.4215579866,Spain,Female,0
958,695.6753219153784,19.0,2.0,3230.384428183206,1.0,1.0,1.0,130749.60301822414,France,Male,0
959,706.9767280232204,71.0,7.0,11818.211763742076,1.0,0.0,0.0,126583.49509796465,France,Female,0
960,694.7708560017315,30.0,2.0,82780.28148781994,2.0,1.0,1.0,90094.88209353271,Spain,Male,0
961,714.2722759867544,70.0,1.0,7945.210206221644,1.0,1.0,1.0,102864.2077673433,Germany,Male,0
962,782.9152530132432,49.0,2.0,20976.564723377956,1.0,1.0,0.0,83269.94448144302,Spain,Female,0
963,669.6521169701471,48.0,10.0,,2.0,1.0,1.0,33507.44168862498,France,Male,0
964,720.9003757588512,33.0,5.0,8416.513317584939,3.0,0.0,0.0,111592.03858291582,Spain,Female,1
965,641.0264305712773,49.0,1.0,4318.0431919519815,1.0,0.0,1.0,185148.62923748806,France,Female,0
966,,49.0,,33134.58417686708,2.0,0.0,1.0,60232.638668902175,France,Male,0
967,582.360769794073,51.0,0.0,18006.86879638946,2.0,0.0,0.0,65213.66306787836,France,Male,0
968,830.0940432910816,28.0,,41437.849664063586,2.0,0.0,1.0,60817.250276031635,France,Female,0
969,645.9842049355657,27.0,1.0,81432.28290865643,3.0,0.0,0.0,132606.63004254052,Spain,Female,1
970,506.9224897881952,32.0,,7375.633156735948,1.0,1.0,1.0,120181.84543883981,France,Female,0
971,662.8104414910789,34.0,5.0,43458.32207681815,1.0,1.0,1.0,92865.80384125945,Germany,Female,0
972,581.8948342525119,57.0,1.0,35211.29218640965,3.0,1.0,0.0,58689.14222624658,Germany,Male,1
973,734.0643548988724,35.0,1.0,,2.0,1.0,1.0,,Germany,Male,0
974,0.0,72.0,9.0,48908.10538759516,2.0,1.0,1.0,29592.0042698888,France,Male,0
975,605.3816566785221,26.0,7.0,15985.504728562222,2.0,0.0,0.0,106454.19550858719,Germany,Female,1
976,461.0459269054469,42.0,,33455.35548474945,2.0,1.0,0.0,139218.59737395705,France,Male,1
977,604.7693680750923,57.0,6.0,4292.7290955054,3.0,0.0,1.0,43696.038851484496,France,Male,1
978,407.61206733710435,31.0,2.0,30770.80857529958,4.0,1.0,1.0,31036.67754266513,Spain,Male,0
979,491.6097176514277,42.0,7.0,18297.568147735685,2.0,1.0,0.0,,France,Male,1
980,726.0414656144297,67.0,6.0,86405.7830572241,1.0,1.0,0.0,72470.81622229368,France,Female,1
981,728.5800158650832,39.0,7.0,2933.321887280849,3.0,0.0,0.0,151117.65306747198,Spain,Male,1
982,692.5457561784965,69.0,6.0,27116.44018475361,1.0,0.0,1.0,,France,Male,0
983,553.3023856870786,47.0,10.0,30664.278999475177,1.0,1.0,0.0,92712.03323764027,Germany,Male,1
984,,37.0,5.0,64550.313859641836,3.0,0.0,0.0,119728.57147734903,France,Male,1
985,649.6397460909432,38.0,6.0,42699.56097824137,1.0,1.0,1.0,60220.05144641017,France,Female,0
986,534.1635310807458,61.0,4.0,55012.53208091015,1.0,1.0,1.0,105962.37145730405,France,Female,1
987,800.339830176715,49.0,6.0,75040.22719200143,1.0,1.0,0.0,82832.97633291583,France,Male,0
988,737.7362290575671,68.0,0.0,99098.67500789174,3.0,1.0,1.0,40577.79504677358,France,Female,1
989,627.9035826170336,63.0,0.0,18834.808803283206,2.0,1.0,1.0,115186.69336268796,Germany,Female,0
990,652.6885838994531,66.0,8.0,38611.97674587034,2.0,0.0,0.0,88151.14869049378,Germany,Female,1
991,670.8382807947553,73.0,4.0,91662.85911198182,1.0,1.0,0.0,92933.88271998815,Spain,Female,1
992,445.82651315757096,,4.0,,2.0,1.0,1.0,45542.7575463629,France,Male,0
993,625.2822617479403,52.0,2.0,110145.72669368902,2.0,1.0,0.0,171613.0165493262,Germany,Female,0
994,581.8015752002201,49.0,4.0,23218.358210038936,1.0,0.0,1.0,139452.13838737522,Germany,Female,0
995,549.8379990105085,47.0,2.0,,2.0,1.0,1.0,143387.01478773903,Spain,Male,0
996,621.8899707114045,72.0,8.0,33607.70794699878,1.0,1.0,0.0,86254.98839012432,France,Male,1
997,829.7686526849523,56.0,8.0,67670.34686320351,4.0,1.0,0.0,22186.769972346083,Germany,Male,1
998,714.084286126701,66.0,5.0,33919.733866756935,2.0,1.0,1.0,187881.282212028,Spain,Male,0
999,592.8821010217204,29.0,0.0,,3.0,0.0,1.0,97250.61213973594,France,Female,0
1000,707.2582781356159,,6.0,91079.11543049326,1.0,1.0,1.0,66304.00917909757,Spain,Male,0
1001,829.7686526849523,56.0,8.0,67670.34686320351,4.0,1.0,0.0,22186.769972346083,Germany,Male,1
1002,489.35536797424277,67.0,3.0,52277.964041156585,3.0,1.0,0.0,22138.17712820448,France,Male,1
1003,728.182287177731,42.0,6.0,12953.782521651374,1.0,1.0,0.0,88527.38633183848,Spain,Male,0
1004,541.8943459591737,,5.0,71533.493706326,2.0,1.0,1.0,55070.16162054768,Germany,Male,1
1005,552.4126747022667,48.0,10.0,110550.23720907293,2.0,1.0,0.0,156005.4322159865,Germany,Female,0
1006,609.1924626978448,38.0,5.0,54900.08088730326,2.0,1.0,1.0,44510.44127433152,France,Female,0
1007,689.4452142378296,30.0,2.0,,1.0,1.0,1.0,20392.73633172705,Germany,Male,0
1008,654.7398671316414,63.0,10.0,692.0449429463241,2.0,1.0,1.0,177496.97940136876,France,Female,0
1009,643.4249738927012,49.0,7.0,3468.390182076232,2.0,1.0,1.0,53603.86261837118,France,Male,0
1010,839.6792982653948,27.0,4.0,50523.84941086985,3.0,1.0,1.0,,France,Male,0
1011,566.0782476777362,61.0,8.0,,1.0,1.0,0.0,133789.27507305995,Germany,Male,1
1012,675.4420843301214,50.0,7.0,47957.77283987891,1.0,1.0,0.0,104452.02041629977,France,Male,0
1013,663.2969674146876,47.0,7.0,113829.23547395159,2.0,1.0,0.0,124039.35380686037,Spain,Female,0
1014,,23.0,0.0,36491.39501754389,4.0,0.0,1.0,64177.11380257147,Germany,Male,1
1015,850.0,34.0,0.0,50521.87437461948,4.0,0.0,1.0,62393.99477409837,Spain,Female,0
